iso_code,continent,location,date,total_cases,new_cases,new_cases_smoothed,total_deaths,new_deaths,new_deaths_smoothed,total_cases_per_million,new_cases_per_million,new_cases_smoothed_per_million,total_deaths_per_million,new_deaths_per_million,new_deaths_smoothed_per_million,reproduction_rate,icu_patients,icu_patients_per_million,hosp_patients,hosp_patients_per_million,weekly_icu_admissions,weekly_icu_admissions_per_million,weekly_hosp_admissions,weekly_hosp_admissions_per_million,new_tests,total_tests,total_tests_per_thousand,new_tests_per_thousand,new_tests_smoothed,new_tests_smoothed_per_thousand,positive_rate,tests_per_case,tests_units,stringency_index,population,population_density,median_age,aged_65_older,aged_70_older,gdp_per_capita,extreme_poverty,cardiovasc_death_rate,diabetes_prevalence,female_smokers,male_smokers,handwashing_facilities,hospital_beds_per_thousand,life_expectancy,human_development_index
POL,Europe,Poland,2020-01-23,,0.0,,,0.0,,,0.0,,,0.0,,,,,,,,,,,,,,,,,,,,5.56,37846605.0,124.027,41.8,16.763,10.202,27216.445,,227.331,5.91,23.3,33.1,,6.62,78.73,0.865
POL,Europe,Poland,2020-01-24,,0.0,,,0.0,,,0.0,,,0.0,,,,,,,,,,,,,,,,,,,,5.56,37846605.0,124.027,41.8,16.763,10.202,27216.445,,227.331,5.91,23.3,33.1,,6.62,78.73,0.865
POL,Europe,Poland,2020-01-25,,0.0,,,0.0,,,0.0,,,0.0,,,,,,,,,,,,,,,,,,,,5.56,37846605.0,124.027,41.8,16.763,10.202,27216.445,,227.331,5.91,23.3,33.1,,6.62,78.73,0.865
POL,Europe,Poland,2020-01-26,,0.0,,,0.0,,,0.0,,,0.0,,,,,,,,,,,,,,,,,,,,5.56,37846605.0,124.027,41.8,16.763,10.202,27216.445,,227.331,5.91,23.3,33.1,,6.62,78.73,0.865
POL,Europe,Poland,2020-01-27,,0.0,,,0.0,,,0.0,,,0.0,,,,,,,,,,,,,,,,,,,,5.56,37846605.0,124.027,41.8,16.763,10.202,27216.445,,227.331,5.91,23.3,33.1,,6.62,78.73,0.865
POL,Europe,Poland,2020-01-28,,0.0,0.0,,0.0,0.0,,0.0,0.0,,0.0,0.0,,,,,,,,,,,,,,,,,,,5.56,37846605.0,124.027,41.8,16.763,10.202,27216.445,,227.331,5.91,23.3,33.1,,6.62,78.73,0.865
POL,Europe,Poland,2020-01-29,,0.0,0.0,,0.0,0.0,,0.0,0.0,,0.0,0.0,,,,,,,,,,,,,,,,,,,5.56,37846605.0,124.027,41.8,16.763,10.202,27216.445,,227.331,5.91,23.3,33.1,,6.62,78.73,0.865
POL,Europe,Poland,2020-01-30,,0.0,0.0,,0.0,0.0,,0.0,0.0,,0.0,0.0,,,,,,,,,,,,,,,,,,,5.56,37846605.0,124.027,41.8,16.763,10.202,27216.445,,227.331,5.91,23.3,33.1,,6.62,78.73,0.865
POL,Europe,Poland,2020-01-31,,0.0,0.0,,0.0,0.0,,0.0,0.0,,0.0,0.0,,,,,,,,,,,,,,,,,,,5.56,37846605.0,124.027,41.8,16.763,10.202,27216.445,,227.331,5.91,23.3,33.1,,6.62,78.73,0.865
POL,Europe,Poland,2020-02-01,,0.0,0.0,,0.0,0.0,,0.0,0.0,,0.0,0.0,,,,,,,,,,,,,,,,,,,5.56,37846605.0,124.027,41.8,16.763,10.202,27216.445,,227.331,5.91,23.3,33.1,,6.62,78.73,0.865
POL,Europe,Poland,2020-02-02,,0.0,0.0,,0.0,0.0,,0.0,0.0,,0.0,0.0,,,,,,,,,,,,,,,,,,,5.56,37846605.0,124.027,41.8,16.763,10.202,27216.445,,227.331,5.91,23.3,33.1,,6.62,78.73,0.865
POL,Europe,Poland,2020-02-03,,0.0,0.0,,0.0,0.0,,0.0,0.0,,0.0,0.0,,,,,,,,,,,,,,,,,,,5.56,37846605.0,124.027,41.8,16.763,10.202,27216.445,,227.331,5.91,23.3,33.1,,6.62,78.73,0.865
POL,Europe,Poland,2020-02-04,,0.0,0.0,,0.0,0.0,,0.0,0.0,,0.0,0.0,,,,,,,,,,,,,,,,,,,5.56,37846605.0,124.027,41.8,16.763,10.202,27216.445,,227.331,5.91,23.3,33.1,,6.62,78.73,0.865
POL,Europe,Poland,2020-02-05,,0.0,0.0,,0.0,0.0,,0.0,0.0,,0.0,0.0,,,,,,,,,,,,,,,,,,,5.56,37846605.0,124.027,41.8,16.763,10.202,27216.445,,227.331,5.91,23.3,33.1,,6.62,78.73,0.865
POL,Europe,Poland,2020-02-06,,0.0,0.0,,0.0,0.0,,0.0,0.0,,0.0,0.0,,,,,,,,,,,,,,,,,,,5.56,37846605.0,124.027,41.8,16.763,10.202,27216.445,,227.331,5.91,23.3,33.1,,6.62,78.73,0.865
POL,Europe,Poland,2020-02-07,,0.0,0.0,,0.0,0.0,,0.0,0.0,,0.0,0.0,,,,,,,,,,,,,,,,,,,5.56,37846605.0,124.027,41.8,16.763,10.202,27216.445,,227.331,5.91,23.3,33.1,,6.62,78.73,0.865
POL,Europe,Poland,2020-02-08,,0.0,0.0,,0.0,0.0,,0.0,0.0,,0.0,0.0,,,,,,,,,,,,,,,,,,,5.56,37846605.0,124.027,41.8,16.763,10.202,27216.445,,227.331,5.91,23.3,33.1,,6.62,78.73,0.865
POL,Europe,Poland,2020-02-09,,0.0,0.0,,0.0,0.0,,0.0,0.0,,0.0,0.0,,,,,,,,,,,,,,,,,,,5.56,37846605.0,124.027,41.8,16.763,10.202,27216.445,,227.331,5.91,23.3,33.1,,6.62,78.73,0.865
POL,Europe,Poland,2020-02-10,,0.0,0.0,,0.0,0.0,,0.0,0.0,,0.0,0.0,,,,,,,,,,,,,,,,,,,5.56,37846605.0,124.027,41.8,16.763,10.202,27216.445,,227.331,5.91,23.3,33.1,,6.62,78.73,0.865
POL,Europe,Poland,2020-02-11,,0.0,0.0,,0.0,0.0,,0.0,0.0,,0.0,0.0,,,,,,,,,,,,,,,,,,,5.56,37846605.0,124.027,41.8,16.763,10.202,27216.445,,227.331,5.91,23.3,33.1,,6.62,78.73,0.865
POL,Europe,Poland,2020-02-12,,0.0,0.0,,0.0,0.0,,0.0,0.0,,0.0,0.0,,,,,,,,,,,,,,,,,,,5.56,37846605.0,124.027,41.8,16.763,10.202,27216.445,,227.331,5.91,23.3,33.1,,6.62,78.73,0.865
POL,Europe,Poland,2020-02-13,,0.0,0.0,,0.0,0.0,,0.0,0.0,,0.0,0.0,,,,,,,,,,,,,,,,,,,5.56,37846605.0,124.027,41.8,16.763,10.202,27216.445,,227.331,5.91,23.3,33.1,,6.62,78.73,0.865
POL,Europe,Poland,2020-02-14,,0.0,0.0,,0.0,0.0,,0.0,0.0,,0.0,0.0,,,,,,,,,,,,,,,,,,,5.56,37846605.0,124.027,41.8,16.763,10.202,27216.445,,227.331,5.91,23.3,33.1,,6.62,78.73,0.865
POL,Europe,Poland,2020-02-15,,0.0,0.0,,0.0,0.0,,0.0,0.0,,0.0,0.0,,,,,,,,,,,,,,,,,,,5.56,37846605.0,124.027,41.8,16.763,10.202,27216.445,,227.331,5.91,23.3,33.1,,6.62,78.73,0.865
POL,Europe,Poland,2020-02-16,,0.0,0.0,,0.0,0.0,,0.0,0.0,,0.0,0.0,,,,,,,,,,,,,,,,,,,5.56,37846605.0,124.027,41.8,16.763,10.202,27216.445,,227.331,5.91,23.3,33.1,,6.62,78.73,0.865
POL,Europe,Poland,2020-02-17,,0.0,0.0,,0.0,0.0,,0.0,0.0,,0.0,0.0,,,,,,,,,,,,,,,,,,,5.56,37846605.0,124.027,41.8,16.763,10.202,27216.445,,227.331,5.91,23.3,33.1,,6.62,78.73,0.865
POL,Europe,Poland,2020-02-18,,0.0,0.0,,0.0,0.0,,0.0,0.0,,0.0,0.0,,,,,,,,,,,,,,,,,,,5.56,37846605.0,124.027,41.8,16.763,10.202,27216.445,,227.331,5.91,23.3,33.1,,6.62,78.73,0.865
POL,Europe,Poland,2020-02-19,,0.0,0.0,,0.0,0.0,,0.0,0.0,,0.0,0.0,,,,,,,,,,,,,,,,,,,5.56,37846605.0,124.027,41.8,16.763,10.202,27216.445,,227.331,5.91,23.3,33.1,,6.62,78.73,0.865
POL,Europe,Poland,2020-02-20,,0.0,0.0,,0.0,0.0,,0.0,0.0,,0.0,0.0,,,,,,,,,,,,,,,,,,,5.56,37846605.0,124.027,41.8,16.763,10.202,27216.445,,227.331,5.91,23.3,33.1,,6.62,78.73,0.865
POL,Europe,Poland,2020-02-21,,0.0,0.0,,0.0,0.0,,0.0,0.0,,0.0,0.0,,,,,,,,,,,,,,,,,,,5.56,37846605.0,124.027,41.8,16.763,10.202,27216.445,,227.331,5.91,23.3,33.1,,6.62,78.73,0.865
POL,Europe,Poland,2020-02-22,,0.0,0.0,,0.0,0.0,,0.0,0.0,,0.0,0.0,,,,,,,,,,,,,,,,,,,5.56,37846605.0,124.027,41.8,16.763,10.202,27216.445,,227.331,5.91,23.3,33.1,,6.62,78.73,0.865
POL,Europe,Poland,2020-02-23,,0.0,0.0,,0.0,0.0,,0.0,0.0,,0.0,0.0,,,,,,,,,,,,,,,,,,,5.56,37846605.0,124.027,41.8,16.763,10.202,27216.445,,227.331,5.91,23.3,33.1,,6.62,78.73,0.865
POL,Europe,Poland,2020-02-24,,0.0,0.0,,0.0,0.0,,0.0,0.0,,0.0,0.0,,,,,,,,,,,,,,,,,,,5.56,37846605.0,124.027,41.8,16.763,10.202,27216.445,,227.331,5.91,23.3,33.1,,6.62,78.73,0.865
POL,Europe,Poland,2020-02-25,,0.0,0.0,,0.0,0.0,,0.0,0.0,,0.0,0.0,,,,,,,,,,,,,,,,,,,5.56,37846605.0,124.027,41.8,16.763,10.202,27216.445,,227.331,5.91,23.3,33.1,,6.62,78.73,0.865
POL,Europe,Poland,2020-02-26,,0.0,0.0,,0.0,0.0,,0.0,0.0,,0.0,0.0,,,,,,,,,,,,,,,,,,,5.56,37846605.0,124.027,41.8,16.763,10.202,27216.445,,227.331,5.91,23.3,33.1,,6.62,78.73,0.865
POL,Europe,Poland,2020-02-27,,0.0,0.0,,0.0,0.0,,0.0,0.0,,0.0,0.0,,,,,,,,,,,,,,,,,,,11.11,37846605.0,124.027,41.8,16.763,10.202,27216.445,,227.331,5.91,23.3,33.1,,6.62,78.73,0.865
POL,Europe,Poland,2020-02-28,,0.0,0.0,,0.0,0.0,,0.0,0.0,,0.0,0.0,,,,,,,,,,,,,,,,,,,11.11,37846605.0,124.027,41.8,16.763,10.202,27216.445,,227.331,5.91,23.3,33.1,,6.62,78.73,0.865
POL,Europe,Poland,2020-02-29,,0.0,0.0,,0.0,0.0,,0.0,0.0,,0.0,0.0,,,,,,,,,,,,,,,,,,,11.11,37846605.0,124.027,41.8,16.763,10.202,27216.445,,227.331,5.91,23.3,33.1,,6.62,78.73,0.865
POL,Europe,Poland,2020-03-01,,0.0,0.0,,0.0,0.0,,0.0,0.0,,0.0,0.0,,,,,,,,,,,,,,,,,,,11.11,37846605.0,124.027,41.8,16.763,10.202,27216.445,,227.331,5.91,23.3,33.1,,6.62,78.73,0.865
POL,Europe,Poland,2020-03-02,,0.0,0.0,,0.0,0.0,,0.0,0.0,,0.0,0.0,,,,,,,,,,,,,,,,,,,11.11,37846605.0,124.027,41.8,16.763,10.202,27216.445,,227.331,5.91,23.3,33.1,,6.62,78.73,0.865
POL,Europe,Poland,2020-03-03,,0.0,0.0,,0.0,0.0,,0.0,0.0,,0.0,0.0,,,,,,,,,,,,,,,,,,,11.11,37846605.0,124.027,41.8,16.763,10.202,27216.445,,227.331,5.91,23.3,33.1,,6.62,78.73,0.865
POL,Europe,Poland,2020-03-04,1.0,1.0,0.143,,0.0,0.0,0.026,0.026,0.004,,0.0,0.0,,,,,,,,,,,,,,,,,,,11.11,37846605.0,124.027,41.8,16.763,10.202,27216.445,,227.331,5.91,23.3,33.1,,6.62,78.73,0.865
POL,Europe,Poland,2020-03-05,1.0,0.0,0.143,,0.0,0.0,0.026,0.0,0.004,,0.0,0.0,,,,,,,,,,,,,,,,,,,11.11,37846605.0,124.027,41.8,16.763,10.202,27216.445,,227.331,5.91,23.3,33.1,,6.62,78.73,0.865
POL,Europe,Poland,2020-03-06,5.0,4.0,0.714,,0.0,0.0,0.132,0.106,0.019,,0.0,0.0,,,,,,,,,,,,,,,,,,,11.11,37846605.0,124.027,41.8,16.763,10.202,27216.445,,227.331,5.91,23.3,33.1,,6.62,78.73,0.865
POL,Europe,Poland,2020-03-07,5.0,0.0,0.714,,0.0,0.0,0.132,0.0,0.019,,0.0,0.0,,,,,,,,,,,,,,,,,,,11.11,37846605.0,124.027,41.8,16.763,10.202,27216.445,,227.331,5.91,23.3,33.1,,6.62,78.73,0.865
POL,Europe,Poland,2020-03-08,11.0,6.0,1.571,,0.0,0.0,0.291,0.159,0.042,,0.0,0.0,,,,,,,,,,,,,,,,,,,11.11,37846605.0,124.027,41.8,16.763,10.202,27216.445,,227.331,5.91,23.3,33.1,,6.62,78.73,0.865
POL,Europe,Poland,2020-03-09,16.0,5.0,2.286,,0.0,0.0,0.423,0.132,0.06,,0.0,0.0,,,,,,,,,,,,,,,,,,,13.89,37846605.0,124.027,41.8,16.763,10.202,27216.445,,227.331,5.91,23.3,33.1,,6.62,78.73,0.865
POL,Europe,Poland,2020-03-10,22.0,6.0,3.143,,0.0,0.0,0.581,0.159,0.083,,0.0,0.0,,,,,,,,,,,,,,,,,,,25.0,37846605.0,124.027,41.8,16.763,10.202,27216.445,,227.331,5.91,23.3,33.1,,6.62,78.73,0.865
POL,Europe,Poland,2020-03-11,31.0,9.0,4.286,,0.0,0.0,0.819,0.238,0.113,,0.0,0.0,,,,,,,,,,,,,,,,,,,25.0,37846605.0,124.027,41.8,16.763,10.202,27216.445,,227.331,5.91,23.3,33.1,,6.62,78.73,0.865
POL,Europe,Poland,2020-03-12,49.0,18.0,6.857,1.0,1.0,0.143,1.295,0.476,0.181,0.026,0.026,0.004,,,,,,,,,,,,,,,,,,,41.67,37846605.0,124.027,41.8,16.763,10.202,27216.445,,227.331,5.91,23.3,33.1,,6.62,78.73,0.865
POL,Europe,Poland,2020-03-13,68.0,19.0,9.0,2.0,1.0,0.286,1.797,0.502,0.238,0.053,0.026,0.008,,,,,,,,,,,,,,,,,,,41.67,37846605.0,124.027,41.8,16.763,10.202,27216.445,,227.331,5.91,23.3,33.1,,6.62,78.73,0.865
POL,Europe,Poland,2020-03-14,103.0,35.0,14.0,3.0,1.0,0.429,2.722,0.925,0.37,0.079,0.026,0.011,,,,,,,,,,,,,,,,,,,49.07,37846605.0,124.027,41.8,16.763,10.202,27216.445,,227.331,5.91,23.3,33.1,,6.62,78.73,0.865
POL,Europe,Poland,2020-03-15,119.0,16.0,15.429,3.0,0.0,0.429,3.144,0.423,0.408,0.079,0.0,0.011,2.27,,,,,,,,,,,,,,,,,,57.41,37846605.0,124.027,41.8,16.763,10.202,27216.445,,227.331,5.91,23.3,33.1,,6.62,78.73,0.865
POL,Europe,Poland,2020-03-16,177.0,58.0,23.0,4.0,1.0,0.571,4.677,1.533,0.608,0.106,0.026,0.015,2.34,,,,,,,,,,,,,,,,,,57.41,37846605.0,124.027,41.8,16.763,10.202,27216.445,,227.331,5.91,23.3,33.1,,6.62,78.73,0.865
POL,Europe,Poland,2020-03-17,238.0,61.0,30.857,5.0,1.0,0.714,6.289,1.612,0.815,0.132,0.026,0.019,2.32,,,,,,,,,,,,,,,,,,57.41,37846605.0,124.027,41.8,16.763,10.202,27216.445,,227.331,5.91,23.3,33.1,,6.62,78.73,0.865
POL,Europe,Poland,2020-03-18,251.0,13.0,31.429,5.0,0.0,0.714,6.632,0.343,0.83,0.132,0.0,0.019,2.27,,,,,,,,,,,,,,,,,,57.41,37846605.0,124.027,41.8,16.763,10.202,27216.445,,227.331,5.91,23.3,33.1,,6.62,78.73,0.865
POL,Europe,Poland,2020-03-19,355.0,104.0,43.714,5.0,0.0,0.571,9.38,2.748,1.155,0.132,0.0,0.015,2.32,,,,,,,,,,,,,,,,,,57.41,37846605.0,124.027,41.8,16.763,10.202,27216.445,,227.331,5.91,23.3,33.1,,6.62,78.73,0.865
POL,Europe,Poland,2020-03-20,425.0,70.0,51.0,5.0,0.0,0.429,11.23,1.85,1.348,0.132,0.0,0.011,2.26,,,,,,,,,,,,,,,,,,57.41,37846605.0,124.027,41.8,16.763,10.202,27216.445,,227.331,5.91,23.3,33.1,,6.62,78.73,0.865
POL,Europe,Poland,2020-03-21,536.0,111.0,61.857,5.0,0.0,0.286,14.162,2.933,1.634,0.132,0.0,0.008,2.22,,,,,,,,,,,,,,,,,,57.41,37846605.0,124.027,41.8,16.763,10.202,27216.445,,227.331,5.91,23.3,33.1,,6.62,78.73,0.865
POL,Europe,Poland,2020-03-22,634.0,98.0,73.571,7.0,2.0,0.571,16.752,2.589,1.944,0.185,0.053,0.015,2.16,,,,,,,,,,,,,,,,,,57.41,37846605.0,124.027,41.8,16.763,10.202,27216.445,,227.331,5.91,23.3,33.1,,6.62,78.73,0.865
POL,Europe,Poland,2020-03-23,749.0,115.0,81.714,8.0,1.0,0.571,19.79,3.039,2.159,0.211,0.026,0.015,2.11,,,,,,,,,,,,,,,,,,57.41,37846605.0,124.027,41.8,16.763,10.202,27216.445,,227.331,5.91,23.3,33.1,,6.62,78.73,0.865
POL,Europe,Poland,2020-03-24,901.0,152.0,94.714,10.0,2.0,0.714,23.807,4.016,2.503,0.264,0.053,0.019,2.07,,,,,,,,,,,,,,,,,,57.41,37846605.0,124.027,41.8,16.763,10.202,27216.445,,227.331,5.91,23.3,33.1,,6.62,78.73,0.865
POL,Europe,Poland,2020-03-25,1051.0,150.0,114.286,14.0,4.0,1.286,27.77,3.963,3.02,0.37,0.106,0.034,2.01,,,,,,,,,,,,,,,,,,57.41,37846605.0,124.027,41.8,16.763,10.202,27216.445,,227.331,5.91,23.3,33.1,,6.62,78.73,0.865
POL,Europe,Poland,2020-03-26,1221.0,170.0,123.714,16.0,2.0,1.571,32.262,4.492,3.269,0.423,0.053,0.042,1.96,,,,,,,,,,,,,,,,,,57.41,37846605.0,124.027,41.8,16.763,10.202,27216.445,,227.331,5.91,23.3,33.1,,6.62,78.73,0.865
POL,Europe,Poland,2020-03-27,1389.0,168.0,137.714,16.0,0.0,1.571,36.701,4.439,3.639,0.423,0.0,0.042,1.91,,,,,,,,,,,,,,,,,,57.41,37846605.0,124.027,41.8,16.763,10.202,27216.445,,227.331,5.91,23.3,33.1,,6.62,78.73,0.865
POL,Europe,Poland,2020-03-28,1638.0,249.0,157.429,18.0,2.0,1.857,43.28,6.579,4.16,0.476,0.053,0.049,1.87,,,,,,,,,,,,,,,,,,57.41,37846605.0,124.027,41.8,16.763,10.202,27216.445,,227.331,5.91,23.3,33.1,,6.62,78.73,0.865
POL,Europe,Poland,2020-03-29,1862.0,224.0,175.429,22.0,4.0,2.143,49.199,5.919,4.635,0.581,0.106,0.057,1.81,,,,,,,,,,,,,,,,,,57.41,37846605.0,124.027,41.8,16.763,10.202,27216.445,,227.331,5.91,23.3,33.1,,6.62,78.73,0.865
POL,Europe,Poland,2020-03-30,2055.0,193.0,186.571,31.0,9.0,3.286,54.298,5.1,4.93,0.819,0.238,0.087,1.76,,,,,,,,,,,,,,,,,,57.41,37846605.0,124.027,41.8,16.763,10.202,27216.445,,227.331,5.91,23.3,33.1,,6.62,78.73,0.865
POL,Europe,Poland,2020-03-31,2311.0,256.0,201.429,33.0,2.0,3.286,61.062,6.764,5.322,0.872,0.053,0.087,1.73,,,,,,,,,,,,,,,,,,81.48,37846605.0,124.027,41.8,16.763,10.202,27216.445,,227.331,5.91,23.3,33.1,,6.62,78.73,0.865
POL,Europe,Poland,2020-04-01,2554.0,243.0,214.714,43.0,10.0,4.143,67.483,6.421,5.673,1.136,0.264,0.109,1.7,,,,,,,,,,,,,,,,,,81.48,37846605.0,124.027,41.8,16.763,10.202,27216.445,,227.331,5.91,23.3,33.1,,6.62,78.73,0.865
POL,Europe,Poland,2020-04-02,2946.0,392.0,246.429,57.0,14.0,5.857,77.841,10.358,6.511,1.506,0.37,0.155,1.68,,,,,,,,,,,,,,,,,,81.48,37846605.0,124.027,41.8,16.763,10.202,27216.445,,227.331,5.91,23.3,33.1,,6.62,78.73,0.865
POL,Europe,Poland,2020-04-03,3383.0,437.0,284.857,71.0,14.0,7.857,89.387,11.547,7.527,1.876,0.37,0.208,1.63,,,,,,,,,,,,,,,,,,81.48,37846605.0,124.027,41.8,16.763,10.202,27216.445,,227.331,5.91,23.3,33.1,,6.62,78.73,0.865
POL,Europe,Poland,2020-04-04,3627.0,244.0,284.143,79.0,8.0,8.714,95.834,6.447,7.508,2.087,0.211,0.23,1.56,,,,,,,,,,,,,,,,,,81.48,37846605.0,124.027,41.8,16.763,10.202,27216.445,,227.331,5.91,23.3,33.1,,6.62,78.73,0.865
POL,Europe,Poland,2020-04-05,4102.0,475.0,320.0,94.0,15.0,10.286,108.385,12.551,8.455,2.484,0.396,0.272,1.52,,,,,,,,,,,,,,,,,,81.48,37846605.0,124.027,41.8,16.763,10.202,27216.445,,227.331,5.91,23.3,33.1,,6.62,78.73,0.865
POL,Europe,Poland,2020-04-06,4413.0,311.0,336.857,107.0,13.0,10.857,116.602,8.217,8.901,2.827,0.343,0.287,1.45,,,,,,,,,,,,,,,,,,81.48,37846605.0,124.027,41.8,16.763,10.202,27216.445,,227.331,5.91,23.3,33.1,,6.62,78.73,0.865
POL,Europe,Poland,2020-04-07,4848.0,435.0,362.429,129.0,22.0,13.714,128.096,11.494,9.576,3.408,0.581,0.362,1.4,,,,,,,,,,,,,,,,,,81.48,37846605.0,124.027,41.8,16.763,10.202,27216.445,,227.331,5.91,23.3,33.1,,6.62,78.73,0.865
POL,Europe,Poland,2020-04-08,5205.0,357.0,378.714,159.0,30.0,16.571,137.529,9.433,10.007,4.201,0.793,0.438,1.34,,,2425.0,64.074,,,,,,,,,,,,,,81.48,37846605.0,124.027,41.8,16.763,10.202,27216.445,,227.331,5.91,23.3,33.1,,6.62,78.73,0.865
POL,Europe,Poland,2020-04-09,5575.0,370.0,375.571,174.0,15.0,16.714,147.305,9.776,9.924,4.598,0.396,0.442,1.29,,,,,,,,,,,,,,,,,,83.33,37846605.0,124.027,41.8,16.763,10.202,27216.445,,227.331,5.91,23.3,33.1,,6.62,78.73,0.865
POL,Europe,Poland,2020-04-10,5955.0,380.0,367.429,181.0,7.0,15.714,157.346,10.041,9.708,4.782,0.185,0.415,1.25,,,,,,,,,,,,,,,,,,83.33,37846605.0,124.027,41.8,16.763,10.202,27216.445,,227.331,5.91,23.3,33.1,,6.62,78.73,0.865
POL,Europe,Poland,2020-04-11,6356.0,401.0,389.857,208.0,27.0,18.429,167.941,10.595,10.301,5.496,0.713,0.487,1.21,,,,,,,,,,,,,,,,,,83.33,37846605.0,124.027,41.8,16.763,10.202,27216.445,,227.331,5.91,23.3,33.1,,6.62,78.73,0.865
POL,Europe,Poland,2020-04-12,6674.0,318.0,367.429,232.0,24.0,19.714,176.343,8.402,9.708,6.13,0.634,0.521,1.16,,,,,,,,,,,,,,,,,,83.33,37846605.0,124.027,41.8,16.763,10.202,27216.445,,227.331,5.91,23.3,33.1,,6.62,78.73,0.865
POL,Europe,Poland,2020-04-13,6934.0,260.0,360.143,245.0,13.0,19.714,183.213,6.87,9.516,6.474,0.343,0.521,1.13,,,2510.0,66.32,,,,,,,,,,,,,,83.33,37846605.0,124.027,41.8,16.763,10.202,27216.445,,227.331,5.91,23.3,33.1,,6.62,78.73,0.865
POL,Europe,Poland,2020-04-14,7202.0,268.0,336.286,263.0,18.0,19.143,190.294,7.081,8.885,6.949,0.476,0.506,1.11,,,,,,,,,,,,,,,,,,83.33,37846605.0,124.027,41.8,16.763,10.202,27216.445,,227.331,5.91,23.3,33.1,,6.62,78.73,0.865
POL,Europe,Poland,2020-04-15,7582.0,380.0,339.571,286.0,23.0,18.143,200.335,10.041,8.972,7.557,0.608,0.479,1.12,,,2499.0,66.03,,,,,,,,,,,,,,83.33,37846605.0,124.027,41.8,16.763,10.202,27216.445,,227.331,5.91,23.3,33.1,,6.62,78.73,0.865
POL,Europe,Poland,2020-04-16,7918.0,336.0,334.714,314.0,28.0,20.0,209.213,8.878,8.844,8.297,0.74,0.528,1.11,,,2607.0,68.883,,,,,,,,,,,,,,83.33,37846605.0,124.027,41.8,16.763,10.202,27216.445,,227.331,5.91,23.3,33.1,,6.62,78.73,0.865
POL,Europe,Poland,2020-04-17,8379.0,461.0,346.286,332.0,18.0,21.571,221.394,12.181,9.15,8.772,0.476,0.57,1.11,,,2673.0,70.627,,,,,,,,,,,,,,83.33,37846605.0,124.027,41.8,16.763,10.202,27216.445,,227.331,5.91,23.3,33.1,,6.62,78.73,0.865
POL,Europe,Poland,2020-04-18,8742.0,363.0,340.857,347.0,15.0,19.857,230.985,9.591,9.006,9.169,0.396,0.525,1.1,,,,,,,,,,,,,,,,,,83.33,37846605.0,124.027,41.8,16.763,10.202,27216.445,,227.331,5.91,23.3,33.1,,6.62,78.73,0.865
POL,Europe,Poland,2020-04-19,9287.0,545.0,373.286,360.0,13.0,18.286,245.385,14.4,9.863,9.512,0.343,0.483,1.09,,,2482.0,65.581,,,,,,,,,,,,,,83.33,37846605.0,124.027,41.8,16.763,10.202,27216.445,,227.331,5.91,23.3,33.1,,6.62,78.73,0.865
POL,Europe,Poland,2020-04-20,9593.0,306.0,379.857,380.0,20.0,19.286,253.471,8.085,10.037,10.041,0.528,0.51,1.05,,,2511.0,66.347,,,,,,,,,,,,,,83.33,37846605.0,124.027,41.8,16.763,10.202,27216.445,,227.331,5.91,23.3,33.1,,6.62,78.73,0.865
POL,Europe,Poland,2020-04-21,9856.0,263.0,379.143,401.0,21.0,19.714,260.42,6.949,10.018,10.595,0.555,0.521,1.02,,,2914.0,76.995,,,,,,,,,,,,,,83.33,37846605.0,124.027,41.8,16.763,10.202,27216.445,,227.331,5.91,23.3,33.1,,6.62,78.73,0.865
POL,Europe,Poland,2020-04-22,10169.0,313.0,369.571,426.0,25.0,20.0,268.69,8.27,9.765,11.256,0.661,0.528,1.01,,,3505.0,92.611,,,,,,,,,,,,,,83.33,37846605.0,124.027,41.8,16.763,10.202,27216.445,,227.331,5.91,23.3,33.1,,6.62,78.73,0.865
POL,Europe,Poland,2020-04-23,10511.0,342.0,370.429,454.0,28.0,20.0,277.726,9.036,9.788,11.996,0.74,0.528,1.01,,,3099.0,81.883,,,,,,,,,,,,,,83.33,37846605.0,124.027,41.8,16.763,10.202,27216.445,,227.331,5.91,23.3,33.1,,6.62,78.73,0.865
POL,Europe,Poland,2020-04-24,10892.0,381.0,359.0,494.0,40.0,23.143,287.793,10.067,9.486,13.053,1.057,0.611,1.01,,,3095.0,81.777,,,,,,,,,,,,,,83.33,37846605.0,124.027,41.8,16.763,10.202,27216.445,,227.331,5.91,23.3,33.1,,6.62,78.73,0.865
POL,Europe,Poland,2020-04-25,11273.0,381.0,361.571,524.0,30.0,25.286,297.86,10.067,9.554,13.845,0.793,0.668,1.0,,,2821.0,74.538,,,,,,,,,,,,,,83.33,37846605.0,124.027,41.8,16.763,10.202,27216.445,,227.331,5.91,23.3,33.1,,6.62,78.73,0.865
POL,Europe,Poland,2020-04-26,11617.0,344.0,332.857,535.0,11.0,25.0,306.95,9.089,8.795,14.136,0.291,0.661,0.98,,,2749.0,72.635,,,,,,,,,,,,,,83.33,37846605.0,124.027,41.8,16.763,10.202,27216.445,,227.331,5.91,23.3,33.1,,6.62,78.73,0.865
POL,Europe,Poland,2020-04-27,11902.0,285.0,329.857,562.0,27.0,26.0,314.48,7.53,8.716,14.849,0.713,0.687,0.97,,,2759.0,72.9,,,,,,,,,,,,,,83.33,37846605.0,124.027,41.8,16.763,10.202,27216.445,,227.331,5.91,23.3,33.1,,6.62,78.73,0.865
POL,Europe,Poland,2020-04-28,12218.0,316.0,337.429,596.0,34.0,27.857,322.829,8.349,8.916,15.748,0.898,0.736,0.97,,,2934.0,77.523,,,,,,281787.0,7.446,,,,,,people tested,83.33,37846605.0,124.027,41.8,16.763,10.202,27216.445,,227.331,5.91,23.3,33.1,,6.62,78.73,0.865
POL,Europe,Poland,2020-04-29,12640.0,422.0,353.0,624.0,28.0,28.286,333.98,11.15,9.327,16.488,0.74,0.747,0.97,,,2973.0,78.554,,,,,12802.0,294589.0,7.784,0.338,,,,,people tested,83.33,37846605.0,124.027,41.8,16.763,10.202,27216.445,,227.331,5.91,23.3,33.1,,6.62,78.73,0.865
POL,Europe,Poland,2020-04-30,12877.0,237.0,338.0,644.0,20.0,27.143,340.242,6.262,8.931,17.016,0.528,0.717,0.95,,,3012.0,79.584,,,,,12509.0,307098.0,8.114,0.331,,,,,people tested,83.33,37846605.0,124.027,41.8,16.763,10.202,27216.445,,227.331,5.91,23.3,33.1,,6.62,78.73,0.865
POL,Europe,Poland,2020-05-01,13105.0,228.0,316.143,651.0,7.0,22.429,346.266,6.024,8.353,17.201,0.185,0.593,0.95,,,2789.0,73.692,,,,,15651.0,322749.0,8.528,0.414,,,,,people tested,83.33,37846605.0,124.027,41.8,16.763,10.202,27216.445,,227.331,5.91,23.3,33.1,,6.62,78.73,0.865
POL,Europe,Poland,2020-05-02,13375.0,270.0,300.286,664.0,13.0,20.0,353.4,7.134,7.934,17.545,0.343,0.528,0.96,,,2649.0,69.993,,,,,10613.0,333362.0,8.808,0.28,,,,,people tested,83.33,37846605.0,124.027,41.8,16.763,10.202,27216.445,,227.331,5.91,23.3,33.1,,6.62,78.73,0.865
POL,Europe,Poland,2020-05-03,13693.0,318.0,296.571,678.0,14.0,20.429,361.803,8.402,7.836,17.914,0.37,0.54,0.98,,,2761.0,72.952,,,,,9382.0,342744.0,9.056,0.248,,,,,people tested,83.33,37846605.0,124.027,41.8,16.763,10.202,27216.445,,227.331,5.91,23.3,33.1,,6.62,78.73,0.865
POL,Europe,Poland,2020-05-04,14006.0,313.0,300.571,698.0,20.0,19.429,370.073,8.27,7.942,18.443,0.528,0.513,1.0,,,2653.0,70.099,,,,,7304.0,350048.0,9.249,0.193,,,,,people tested,83.33,37846605.0,124.027,41.8,16.763,10.202,27216.445,,227.331,5.91,23.3,33.1,,6.62,78.73,0.865
POL,Europe,Poland,2020-05-05,14431.0,425.0,316.143,716.0,18.0,17.143,381.302,11.23,8.353,18.918,0.476,0.453,1.02,,,2738.0,72.345,,,,,9642.0,359690.0,9.504,0.255,11129.0,0.294,0.028,35.2,people tested,83.33,37846605.0,124.027,41.8,16.763,10.202,27216.445,,227.331,5.91,23.3,33.1,,6.62,78.73,0.865
POL,Europe,Poland,2020-05-06,14740.0,309.0,300.0,733.0,17.0,15.571,389.467,8.165,7.927,19.368,0.449,0.411,1.02,,,2760.0,72.926,,,,,15004.0,374694.0,9.9,0.396,11444.0,0.302,0.026,38.1,people tested,83.33,37846605.0,124.027,41.8,16.763,10.202,27216.445,,227.331,5.91,23.3,33.1,,6.62,78.73,0.865
POL,Europe,Poland,2020-05-07,15047.0,307.0,310.0,755.0,22.0,15.857,397.579,8.112,8.191,19.949,0.581,0.419,1.02,,,2711.0,71.631,,,,,14382.0,389076.0,10.28,0.38,11711.0,0.309,0.026,37.8,people tested,83.33,37846605.0,124.027,41.8,16.763,10.202,27216.445,,227.331,5.91,23.3,33.1,,6.62,78.73,0.865
POL,Europe,Poland,2020-05-08,15366.0,319.0,323.0,776.0,21.0,17.857,406.007,8.429,8.534,20.504,0.555,0.472,1.03,,,2758.0,72.873,,,,,16206.0,405282.0,10.709,0.428,11790.0,0.312,0.027,36.5,people tested,83.33,37846605.0,124.027,41.8,16.763,10.202,27216.445,,227.331,5.91,23.3,33.1,,6.62,78.73,0.865
POL,Europe,Poland,2020-05-09,15651.0,285.0,325.143,785.0,9.0,17.286,413.538,7.53,8.591,20.742,0.238,0.457,1.03,,,2768.0,73.137,,,,,15886.0,421168.0,11.128,0.42,12544.0,0.331,0.026,38.6,people tested,83.33,37846605.0,124.027,41.8,16.763,10.202,27216.445,,227.331,5.91,23.3,33.1,,6.62,78.73,0.865
POL,Europe,Poland,2020-05-10,15996.0,345.0,329.0,800.0,15.0,17.429,422.653,9.116,8.693,21.138,0.396,0.461,1.05,,,2658.0,70.231,,,,,15473.0,436641.0,11.537,0.409,13414.0,0.354,0.025,40.8,people tested,83.33,37846605.0,124.027,41.8,16.763,10.202,27216.445,,227.331,5.91,23.3,33.1,,6.62,78.73,0.865
POL,Europe,Poland,2020-05-11,16326.0,330.0,331.429,811.0,11.0,16.143,431.373,8.719,8.757,21.429,0.291,0.427,1.07,,,2598.0,68.646,,,,,13613.0,450254.0,11.897,0.36,14315.0,0.378,0.023,43.2,people tested,83.33,37846605.0,124.027,41.8,16.763,10.202,27216.445,,227.331,5.91,23.3,33.1,,6.62,78.73,0.865
POL,Europe,Poland,2020-05-12,16921.0,595.0,355.714,839.0,28.0,17.571,447.094,15.721,9.399,22.168,0.74,0.464,1.09,,,2571.0,67.932,,,,,15722.0,465976.0,12.312,0.415,15184.0,0.401,0.023,42.7,people tested,83.33,37846605.0,124.027,41.8,16.763,10.202,27216.445,,227.331,5.91,23.3,33.1,,6.62,78.73,0.865
POL,Europe,Poland,2020-05-13,17204.0,283.0,352.0,861.0,22.0,18.286,454.572,7.478,9.301,22.75,0.581,0.483,1.07,,,2648.0,69.967,,,,,19193.0,485169.0,12.819,0.507,15782.0,0.417,0.022,44.8,people tested,83.33,37846605.0,124.027,41.8,16.763,10.202,27216.445,,227.331,5.91,23.3,33.1,,6.62,78.73,0.865
POL,Europe,Poland,2020-05-14,17615.0,411.0,366.857,883.0,22.0,18.286,465.431,10.86,9.693,23.331,0.581,0.483,1.06,,,2538.0,67.06,,,,,21564.0,506733.0,13.389,0.57,16808.0,0.444,0.022,45.8,people tested,83.33,37846605.0,124.027,41.8,16.763,10.202,27216.445,,227.331,5.91,23.3,33.1,,6.62,78.73,0.865
POL,Europe,Poland,2020-05-15,18016.0,401.0,378.571,907.0,24.0,18.714,476.027,10.595,10.003,23.965,0.634,0.494,1.04,,,2579.0,68.143,,,,,20162.0,526895.0,13.922,0.533,17373.0,0.459,0.022,45.9,people tested,83.33,37846605.0,124.027,41.8,16.763,10.202,27216.445,,227.331,5.91,23.3,33.1,,6.62,78.73,0.865
POL,Europe,Poland,2020-05-16,18257.0,241.0,372.286,915.0,8.0,18.571,482.395,6.368,9.837,24.177,0.211,0.491,1.03,,,2407.0,63.599,,,,,22897.0,549792.0,14.527,0.605,18375.0,0.486,0.02,49.4,people tested,83.33,37846605.0,124.027,41.8,16.763,10.202,27216.445,,227.331,5.91,23.3,33.1,,6.62,78.73,0.865
POL,Europe,Poland,2020-05-17,18529.0,272.0,361.857,925.0,10.0,17.857,489.582,7.187,9.561,24.441,0.264,0.472,1.03,,,2459.0,64.973,,,,,17263.0,567055.0,14.983,0.456,18631.0,0.492,0.019,51.5,people tested,83.33,37846605.0,124.027,41.8,16.763,10.202,27216.445,,227.331,5.91,23.3,33.1,,6.62,78.73,0.865
POL,Europe,Poland,2020-05-18,18885.0,356.0,365.571,936.0,11.0,17.857,498.988,9.406,9.659,24.731,0.291,0.472,1.04,,,2544.0,67.219,,,,,14416.0,581471.0,15.364,0.381,18745.0,0.495,0.02,51.3,people tested,83.33,37846605.0,124.027,41.8,16.763,10.202,27216.445,,227.331,5.91,23.3,33.1,,6.62,78.73,0.865
POL,Europe,Poland,2020-05-19,19268.0,383.0,335.286,948.0,12.0,15.571,509.108,10.12,8.859,25.048,0.317,0.411,1.06,,,2490.0,65.792,,,,,16254.0,597725.0,15.793,0.429,18821.0,0.497,0.018,56.1,people tested,83.33,37846605.0,124.027,41.8,16.763,10.202,27216.445,,227.331,5.91,23.3,33.1,,6.62,78.73,0.865
POL,Europe,Poland,2020-05-20,19739.0,471.0,362.143,962.0,14.0,14.429,521.553,12.445,9.569,25.418,0.37,0.381,1.07,,,2414.0,63.784,,,,,20242.0,617967.0,16.328,0.535,18971.0,0.501,0.019,52.4,people tested,83.33,37846605.0,124.027,41.8,16.763,10.202,27216.445,,227.331,5.91,23.3,33.1,,6.62,78.73,0.865
POL,Europe,Poland,2020-05-21,20143.0,404.0,361.143,972.0,10.0,12.714,532.227,10.675,9.542,25.683,0.264,0.336,1.06,,,2330.0,61.564,,,,,21556.0,639523.0,16.898,0.57,18970.0,0.501,0.019,52.5,people tested,83.33,37846605.0,124.027,41.8,16.763,10.202,27216.445,,227.331,5.91,23.3,33.1,,6.62,78.73,0.865
POL,Europe,Poland,2020-05-22,20619.0,476.0,371.857,982.0,10.0,10.714,544.804,12.577,9.825,25.947,0.264,0.283,1.06,,,2261.0,59.741,,,,,21277.0,660800.0,17.46,0.562,19129.0,0.505,0.019,51.4,people tested,83.33,37846605.0,124.027,41.8,16.763,10.202,27216.445,,227.331,5.91,23.3,33.1,,6.62,78.73,0.865
POL,Europe,Poland,2020-05-23,20931.0,312.0,382.0,993.0,11.0,11.143,553.048,8.244,10.093,26.237,0.291,0.294,1.03,,,2271.0,60.005,,,,,26280.0,687080.0,18.154,0.694,19613.0,0.518,0.019,51.3,people tested,83.33,37846605.0,124.027,41.8,16.763,10.202,27216.445,,227.331,5.91,23.3,33.1,,6.62,78.73,0.865
POL,Europe,Poland,2020-05-24,21326.0,395.0,399.571,996.0,3.0,10.143,563.485,10.437,10.558,26.317,0.079,0.268,1.03,,,2242.0,59.239,,,,,14889.0,701969.0,18.548,0.393,19273.0,0.509,0.021,48.2,people tested,83.33,37846605.0,124.027,41.8,16.763,10.202,27216.445,,227.331,5.91,23.3,33.1,,6.62,78.73,0.865
POL,Europe,Poland,2020-05-25,21631.0,305.0,392.286,1007.0,11.0,10.143,571.544,8.059,10.365,26.607,0.291,0.268,1.02,,,2268.0,59.926,,,,,10706.0,712675.0,18.831,0.283,18743.0,0.495,0.021,47.8,people tested,79.63,37846605.0,124.027,41.8,16.763,10.202,27216.445,,227.331,5.91,23.3,33.1,,6.62,78.73,0.865
POL,Europe,Poland,2020-05-26,22074.0,443.0,400.857,1024.0,17.0,10.857,583.249,11.705,10.592,27.057,0.449,0.287,1.02,,,2171.0,57.363,,,,,21026.0,733701.0,19.386,0.556,19425.0,0.513,0.021,48.5,people tested,79.63,37846605.0,124.027,41.8,16.763,10.202,27216.445,,227.331,5.91,23.3,33.1,,6.62,78.73,0.865
POL,Europe,Poland,2020-05-27,22473.0,399.0,390.571,1028.0,4.0,9.429,593.792,10.543,10.32,27.162,0.106,0.249,1.01,,,2320.0,61.3,,,,,19974.0,753675.0,19.914,0.528,19387.0,0.512,0.02,49.6,people tested,79.63,37846605.0,124.027,41.8,16.763,10.202,27216.445,,227.331,5.91,23.3,33.1,,6.62,78.73,0.865
POL,Europe,Poland,2020-05-28,22825.0,352.0,383.143,1038.0,10.0,9.429,603.092,9.301,10.124,27.427,0.264,0.249,0.99,,,2248.0,59.398,,,,,19950.0,773625.0,20.441,0.527,19157.0,0.506,0.02,50.0,people tested,79.63,37846605.0,124.027,41.8,16.763,10.202,27216.445,,227.331,5.91,23.3,33.1,,6.62,78.73,0.865
POL,Europe,Poland,2020-05-29,23155.0,330.0,362.286,1051.0,13.0,9.857,611.812,8.719,9.572,27.77,0.343,0.26,0.99,,,2035.0,53.77,,,,,24851.0,798476.0,21.098,0.657,19668.0,0.52,0.018,54.3,people tested,79.63,37846605.0,124.027,41.8,16.763,10.202,27216.445,,227.331,5.91,23.3,33.1,,6.62,78.73,0.865
POL,Europe,Poland,2020-05-30,23571.0,416.0,377.143,1061.0,10.0,9.714,622.804,10.992,9.965,28.034,0.264,0.257,0.98,,,2207.0,58.314,,,,,23335.0,821811.0,21.714,0.617,19247.0,0.509,0.02,51.0,people tested,64.81,37846605.0,124.027,41.8,16.763,10.202,27216.445,,227.331,5.91,23.3,33.1,,6.62,78.73,0.865
POL,Europe,Poland,2020-05-31,23786.0,215.0,351.429,1064.0,3.0,9.714,628.484,5.681,9.286,28.113,0.079,0.257,0.97,,,2134.0,56.386,,,,,14487.0,836298.0,22.097,0.383,19190.0,0.507,0.018,54.6,people tested,64.81,37846605.0,124.027,41.8,16.763,10.202,27216.445,,227.331,5.91,23.3,33.1,,6.62,78.73,0.865
POL,Europe,Poland,2020-06-01,24165.0,379.0,362.0,1074.0,10.0,9.571,638.498,10.014,9.565,28.378,0.264,0.253,0.99,,,2181.0,57.627,,,,,14119.0,850417.0,22.47,0.373,19677.0,0.52,0.018,54.4,people tested,64.81,37846605.0,124.027,41.8,16.763,10.202,27216.445,,227.331,5.91,23.3,33.1,,6.62,78.73,0.865
POL,Europe,Poland,2020-06-02,24395.0,230.0,331.571,1092.0,18.0,9.714,644.576,6.077,8.761,28.853,0.476,0.257,0.99,,,2219.0,58.631,,,,,12466.0,862883.0,22.799,0.329,18455.0,0.488,0.018,55.7,people tested,53.7,37846605.0,124.027,41.8,16.763,10.202,27216.445,,227.331,5.91,23.3,33.1,,6.62,78.73,0.865
POL,Europe,Poland,2020-06-03,24687.0,292.0,316.286,1115.0,23.0,12.429,652.291,7.715,8.357,29.461,0.608,0.328,1.02,,,2150.0,56.808,,,,,19024.0,881907.0,23.302,0.503,18319.0,0.484,0.017,57.9,people tested,53.7,37846605.0,124.027,41.8,16.763,10.202,27216.445,,227.331,5.91,23.3,33.1,,6.62,78.73,0.865
POL,Europe,Poland,2020-06-04,25048.0,361.0,317.571,1117.0,2.0,11.286,661.83,9.539,8.391,29.514,0.053,0.298,1.05,,,2102.0,55.54,,,,,21579.0,903486.0,23.872,0.57,18552.0,0.49,0.017,58.4,people tested,53.7,37846605.0,124.027,41.8,16.763,10.202,27216.445,,227.331,5.91,23.3,33.1,,6.62,78.73,0.865
POL,Europe,Poland,2020-06-05,25410.0,362.0,322.143,1137.0,20.0,12.286,671.394,9.565,8.512,30.042,0.528,0.325,1.08,,,2085.0,55.091,,,,,21410.0,924896.0,24.438,0.566,18060.0,0.477,0.018,56.1,people tested,53.7,37846605.0,124.027,41.8,16.763,10.202,27216.445,,227.331,5.91,23.3,33.1,,6.62,78.73,0.865
POL,Europe,Poland,2020-06-06,25986.0,576.0,345.0,1153.0,16.0,13.143,686.614,15.219,9.116,30.465,0.423,0.347,1.12,,,2128.0,56.227,,,,,20752.0,945648.0,24.986,0.548,17691.0,0.467,0.02,51.3,people tested,53.7,37846605.0,124.027,41.8,16.763,10.202,27216.445,,227.331,5.91,23.3,33.1,,6.62,78.73,0.865
POL,Europe,Poland,2020-06-07,26561.0,575.0,396.429,1157.0,4.0,13.286,701.807,15.193,10.475,30.571,0.106,0.351,1.12,,,2007.0,53.03,,,,,15664.0,961312.0,25.4,0.414,17859.0,0.472,0.022,45.0,people tested,53.7,37846605.0,124.027,41.8,16.763,10.202,27216.445,,227.331,5.91,23.3,33.1,,6.62,78.73,0.865
POL,Europe,Poland,2020-06-08,27160.0,599.0,427.857,1166.0,9.0,13.143,717.634,15.827,11.305,30.809,0.238,0.347,1.1,,,1881.0,49.701,,,,,12241.0,973553.0,25.724,0.323,17591.0,0.465,0.024,41.1,people tested,53.7,37846605.0,124.027,41.8,16.763,10.202,27216.445,,227.331,5.91,23.3,33.1,,6.62,78.73,0.865
POL,Europe,Poland,2020-06-09,27560.0,400.0,452.143,1183.0,17.0,13.0,728.203,10.569,11.947,31.258,0.449,0.343,1.06,,,2039.0,53.875,,,,,14798.0,988351.0,26.115,0.391,17924.0,0.474,0.025,39.6,people tested,53.7,37846605.0,124.027,41.8,16.763,10.202,27216.445,,227.331,5.91,23.3,33.1,,6.62,78.73,0.865
POL,Europe,Poland,2020-06-10,27842.0,282.0,450.714,1206.0,23.0,13.0,735.654,7.451,11.909,31.865,0.608,0.343,1.02,,,1993.0,52.66,,,,,19368.0,1007719.0,26.626,0.512,17973.0,0.475,0.025,39.9,people tested,53.7,37846605.0,124.027,41.8,16.763,10.202,27216.445,,227.331,5.91,23.3,33.1,,6.62,78.73,0.865
POL,Europe,Poland,2020-06-11,28201.0,359.0,450.429,1215.0,9.0,14.0,745.139,9.486,11.901,32.103,0.238,0.37,1.01,,,,,,,,,16542.0,1024261.0,27.063,0.437,17254.0,0.456,0.026,38.3,people tested,53.7,37846605.0,124.027,41.8,16.763,10.202,27216.445,,227.331,5.91,23.3,33.1,,6.62,78.73,0.865
POL,Europe,Poland,2020-06-12,28577.0,376.0,452.429,1222.0,7.0,12.143,755.074,9.935,11.954,32.288,0.185,0.321,1.0,,,1629.0,43.042,,,,,19378.0,1043639.0,27.575,0.512,16963.0,0.448,0.027,37.5,people tested,53.7,37846605.0,124.027,41.8,16.763,10.202,27216.445,,227.331,5.91,23.3,33.1,,6.62,78.73,0.865
POL,Europe,Poland,2020-06-13,29017.0,440.0,433.0,1237.0,15.0,12.0,766.7,11.626,11.441,32.685,0.396,0.317,1.0,,,1711.0,45.209,,,,,15563.0,1059202.0,27.987,0.411,16222.0,0.429,0.027,37.5,people tested,53.7,37846605.0,124.027,41.8,16.763,10.202,27216.445,,227.331,5.91,23.3,33.1,,6.62,78.73,0.865
POL,Europe,Poland,2020-06-14,29392.0,375.0,404.429,1247.0,10.0,12.857,776.609,9.908,10.686,32.949,0.264,0.34,0.98,,,1748.0,46.186,,,,,17049.0,1076251.0,28.437,0.45,16420.0,0.434,0.025,40.6,people tested,53.7,37846605.0,124.027,41.8,16.763,10.202,27216.445,,227.331,5.91,23.3,33.1,,6.62,78.73,0.865
POL,Europe,Poland,2020-06-15,29788.0,396.0,375.429,1256.0,9.0,12.857,787.072,10.463,9.92,33.187,0.238,0.34,0.98,,,1736.0,45.869,,,,,10676.0,1086927.0,28.719,0.282,16196.0,0.428,0.023,43.1,people tested,50.93,37846605.0,124.027,41.8,16.763,10.202,27216.445,,227.331,5.91,23.3,33.1,,6.62,78.73,0.865
POL,Europe,Poland,2020-06-16,30195.0,407.0,376.429,1272.0,16.0,12.714,797.826,10.754,9.946,33.609,0.423,0.336,0.97,,,1806.0,47.719,,,,,16403.0,1103330.0,29.153,0.433,16426.0,0.434,0.023,43.6,people tested,50.93,37846605.0,124.027,41.8,16.763,10.202,27216.445,,227.331,5.91,23.3,33.1,,6.62,78.73,0.865
POL,Europe,Poland,2020-06-17,30701.0,506.0,408.429,1286.0,14.0,11.429,811.196,13.37,10.792,33.979,0.37,0.302,0.95,,,1693.0,44.733,,,,,22982.0,1126312.0,29.76,0.607,16942.0,0.448,0.024,41.5,people tested,50.93,37846605.0,124.027,41.8,16.763,10.202,27216.445,,227.331,5.91,23.3,33.1,,6.62,78.73,0.865
POL,Europe,Poland,2020-06-18,31015.0,314.0,402.0,1316.0,30.0,14.429,819.492,8.297,10.622,34.772,0.793,0.381,0.92,,,1849.0,48.855,,,,,20906.0,1147218.0,30.312,0.552,17565.0,0.464,0.023,43.7,people tested,50.93,37846605.0,124.027,41.8,16.763,10.202,27216.445,,227.331,5.91,23.3,33.1,,6.62,78.73,0.865
POL,Europe,Poland,2020-06-19,31316.0,301.0,391.286,1334.0,18.0,16.0,827.445,7.953,10.339,35.248,0.476,0.423,0.9,,,1886.0,49.833,,,,,23543.0,1170761.0,30.934,0.622,18160.0,0.48,0.022,46.4,people tested,50.93,37846605.0,124.027,41.8,16.763,10.202,27216.445,,227.331,5.91,23.3,33.1,,6.62,78.73,0.865
POL,Europe,Poland,2020-06-20,31620.0,304.0,371.857,1346.0,12.0,15.571,835.478,8.032,9.825,35.565,0.317,0.411,0.89,,,1931.0,51.022,,,,,19640.0,1190401.0,31.453,0.519,18743.0,0.495,0.02,50.4,people tested,50.93,37846605.0,124.027,41.8,16.763,10.202,27216.445,,227.331,5.91,23.3,33.1,,6.62,78.73,0.865
POL,Europe,Poland,2020-06-21,31931.0,311.0,362.714,1356.0,10.0,15.571,843.695,8.217,9.584,35.829,0.264,0.411,0.88,,,1877.0,49.595,,,,,18231.0,1208632.0,31.935,0.482,18912.0,0.5,0.019,52.1,people tested,50.93,37846605.0,124.027,41.8,16.763,10.202,27216.445,,227.331,5.91,23.3,33.1,,6.62,78.73,0.865
POL,Europe,Poland,2020-06-22,32227.0,296.0,348.429,1359.0,3.0,14.714,851.516,7.821,9.206,35.908,0.079,0.389,0.88,,,1899.0,50.176,,,,,11041.0,1219673.0,32.227,0.292,18964.0,0.501,0.018,54.4,people tested,50.93,37846605.0,124.027,41.8,16.763,10.202,27216.445,,227.331,5.91,23.3,33.1,,6.62,78.73,0.865
POL,Europe,Poland,2020-06-23,32527.0,300.0,333.143,1375.0,16.0,14.714,859.443,7.927,8.802,36.331,0.423,0.389,0.88,,,1936.0,51.154,,,,,18077.0,1237750.0,32.704,0.478,19203.0,0.507,0.017,57.6,people tested,50.93,37846605.0,124.027,41.8,16.763,10.202,27216.445,,227.331,5.91,23.3,33.1,,6.62,78.73,0.865
POL,Europe,Poland,2020-06-24,32821.0,294.0,302.857,1396.0,21.0,15.714,867.211,7.768,8.002,36.886,0.555,0.415,0.88,,,1965.0,51.92,,,,,19251.0,1257001.0,33.213,0.509,18670.0,0.493,0.016,61.6,people tested,50.93,37846605.0,124.027,41.8,16.763,10.202,27216.445,,227.331,5.91,23.3,33.1,,6.62,78.73,0.865
POL,Europe,Poland,2020-06-25,33119.0,298.0,300.571,1412.0,16.0,13.714,875.085,7.874,7.942,37.308,0.423,0.362,0.88,,,1974.0,52.158,,,,,21453.0,1278454.0,33.78,0.567,18748.0,0.495,0.016,62.4,people tested,50.93,37846605.0,124.027,41.8,16.763,10.202,27216.445,,227.331,5.91,23.3,33.1,,6.62,78.73,0.865
POL,Europe,Poland,2020-06-26,33395.0,276.0,297.0,1429.0,17.0,13.571,882.378,7.293,7.847,37.758,0.449,0.359,0.88,,,1933.0,51.075,,,,,18336.0,1296790.0,34.264,0.484,18004.0,0.476,0.016,60.6,people tested,50.93,37846605.0,124.027,41.8,16.763,10.202,27216.445,,227.331,5.91,23.3,33.1,,6.62,78.73,0.865
POL,Europe,Poland,2020-06-27,33714.0,319.0,299.143,1435.0,6.0,12.714,890.806,8.429,7.904,37.916,0.159,0.336,0.89,,,1869.0,49.384,,,,,19143.0,1315933.0,34.77,0.506,17933.0,0.474,0.017,59.9,people tested,50.93,37846605.0,124.027,41.8,16.763,10.202,27216.445,,227.331,5.91,23.3,33.1,,6.62,78.73,0.865
POL,Europe,Poland,2020-06-28,33907.0,193.0,282.286,1438.0,3.0,11.714,895.906,5.1,7.459,37.995,0.079,0.31,0.89,,,1845.0,48.749,,,,,14818.0,1330751.0,35.162,0.392,17446.0,0.461,0.016,61.8,people tested,50.93,37846605.0,124.027,41.8,16.763,10.202,27216.445,,227.331,5.91,23.3,33.1,,6.62,78.73,0.865
POL,Europe,Poland,2020-06-29,34154.0,247.0,275.286,1444.0,6.0,12.143,902.432,6.526,7.274,38.154,0.159,0.321,0.9,,,1797.0,47.481,,,,,7752.0,1338503.0,35.367,0.205,16976.0,0.449,0.016,61.7,people tested,50.93,37846605.0,124.027,41.8,16.763,10.202,27216.445,,227.331,5.91,23.3,33.1,,6.62,78.73,0.865
POL,Europe,Poland,2020-06-30,34393.0,239.0,266.571,1463.0,19.0,12.571,908.747,6.315,7.043,38.656,0.502,0.332,0.92,,,1811.0,47.851,,,,,17807.0,1356310.0,35.837,0.471,16937.0,0.448,0.016,63.5,people tested,50.93,37846605.0,124.027,41.8,16.763,10.202,27216.445,,227.331,5.91,23.3,33.1,,6.62,78.73,0.865
POL,Europe,Poland,2020-07-01,34775.0,382.0,279.143,1477.0,14.0,11.571,918.841,10.093,7.376,39.026,0.37,0.306,0.95,,,1923.0,50.81,,,,,21064.0,1377374.0,36.394,0.557,17196.0,0.454,0.016,61.6,people tested,50.93,37846605.0,124.027,41.8,16.763,10.202,27216.445,,227.331,5.91,23.3,33.1,,6.62,78.73,0.865
POL,Europe,Poland,2020-07-02,35146.0,371.0,289.571,1492.0,15.0,11.429,928.643,9.803,7.651,39.422,0.396,0.302,0.95,,,1787.0,47.217,,,,,18803.0,1396177.0,36.89,0.497,16818.0,0.444,0.017,58.1,people tested,50.93,37846605.0,124.027,41.8,16.763,10.202,27216.445,,227.331,5.91,23.3,33.1,,6.62,78.73,0.865
POL,Europe,Poland,2020-07-03,35405.0,259.0,287.143,1507.0,15.0,11.143,935.487,6.843,7.587,39.819,0.396,0.294,0.95,,,1743.0,46.054,,,,,23257.0,1419434.0,37.505,0.615,17521.0,0.463,0.016,61.0,people tested,50.93,37846605.0,124.027,41.8,16.763,10.202,27216.445,,227.331,5.91,23.3,33.1,,6.62,78.73,0.865
POL,Europe,Poland,2020-07-04,35719.0,314.0,286.429,1512.0,5.0,11.0,943.783,8.297,7.568,39.951,0.132,0.291,0.94,,,1731.0,45.737,,,,,18415.0,1437849.0,37.991,0.487,17417.0,0.46,0.016,60.8,people tested,50.93,37846605.0,124.027,41.8,16.763,10.202,27216.445,,227.331,5.91,23.3,33.1,,6.62,78.73,0.865
POL,Europe,Poland,2020-07-05,35950.0,231.0,291.857,1517.0,5.0,11.286,949.887,6.104,7.712,40.083,0.132,0.298,0.94,,,1765.0,46.636,,,,,14938.0,1452787.0,38.386,0.395,17434.0,0.461,0.017,59.7,people tested,50.93,37846605.0,124.027,41.8,16.763,10.202,27216.445,,227.331,5.91,23.3,33.1,,6.62,78.73,0.865
POL,Europe,Poland,2020-07-06,36155.0,205.0,285.857,1521.0,4.0,11.0,955.304,5.417,7.553,40.189,0.106,0.291,0.94,,,1790.0,47.296,,,,,12125.0,1464912.0,38.707,0.32,18058.0,0.477,0.016,63.2,people tested,50.93,37846605.0,124.027,41.8,16.763,10.202,27216.445,,227.331,5.91,23.3,33.1,,6.62,78.73,0.865
POL,Europe,Poland,2020-07-07,36412.0,257.0,288.429,1528.0,7.0,9.286,962.094,6.791,7.621,40.374,0.185,0.245,0.96,,,1658.0,43.808,,,,,16307.0,1481219.0,39.137,0.431,17844.0,0.471,0.016,61.9,people tested,50.93,37846605.0,124.027,41.8,16.763,10.202,27216.445,,227.331,5.91,23.3,33.1,,6.62,78.73,0.865
POL,Europe,Poland,2020-07-08,36689.0,277.0,273.429,1542.0,14.0,9.286,969.413,7.319,7.225,40.743,0.37,0.245,0.97,,,1683.0,44.469,,,,,29354.0,1510573.0,39.913,0.776,19028.0,0.503,0.014,69.6,people tested,50.93,37846605.0,124.027,41.8,16.763,10.202,27216.445,,227.331,5.91,23.3,33.1,,6.62,78.73,0.865
POL,Europe,Poland,2020-07-09,36951.0,262.0,257.857,1551.0,9.0,8.429,976.336,6.923,6.813,40.981,0.238,0.223,0.99,,,1687.0,44.575,,,,,18781.0,1529354.0,40.409,0.496,19025.0,0.503,0.014,73.8,people tested,39.81,37846605.0,124.027,41.8,16.763,10.202,27216.445,,227.331,5.91,23.3,33.1,,6.62,78.73,0.865
POL,Europe,Poland,2020-07-10,37216.0,265.0,258.714,1562.0,11.0,7.857,983.338,7.002,6.836,41.272,0.291,0.208,1.01,,,1597.0,42.197,,,,,19352.0,1548706.0,40.921,0.511,18467.0,0.488,0.014,71.4,people tested,39.81,37846605.0,124.027,41.8,16.763,10.202,27216.445,,227.331,5.91,23.3,33.1,,6.62,78.73,0.865
POL,Europe,Poland,2020-07-11,37521.0,305.0,257.429,1568.0,6.0,8.0,991.397,8.059,6.802,41.43,0.159,0.211,1.03,,,1617.0,42.725,,,,,32734.0,1581440.0,41.786,0.865,20513.0,0.542,0.013,79.7,people tested,39.81,37846605.0,124.027,41.8,16.763,10.202,27216.445,,227.331,5.91,23.3,33.1,,6.62,78.73,0.865
POL,Europe,Poland,2020-07-12,37891.0,370.0,277.286,1571.0,3.0,7.714,1001.173,9.776,7.327,41.51,0.079,0.204,1.05,,,1610.0,42.54,,,,,13195.0,1594635.0,42.134,0.349,20264.0,0.535,0.014,73.1,people tested,39.81,37846605.0,124.027,41.8,16.763,10.202,27216.445,,227.331,5.91,23.3,33.1,,6.62,78.73,0.865
POL,Europe,Poland,2020-07-13,38190.0,299.0,290.714,1576.0,5.0,7.857,1009.073,7.9,7.681,41.642,0.132,0.208,1.05,,,1640.0,43.333,,,,,10709.0,1605344.0,42.417,0.283,20062.0,0.53,0.014,69.0,people tested,39.81,37846605.0,124.027,41.8,16.763,10.202,27216.445,,227.331,5.91,23.3,33.1,,6.62,78.73,0.865
POL,Europe,Poland,2020-07-14,38457.0,267.0,292.143,1588.0,12.0,8.571,1016.128,7.055,7.719,41.959,0.317,0.226,1.06,,,1581.0,41.774,,,,,16628.0,1621972.0,42.856,0.439,20108.0,0.531,0.015,68.8,people tested,39.81,37846605.0,124.027,41.8,16.763,10.202,27216.445,,227.331,5.91,23.3,33.1,,6.62,78.73,0.865
POL,Europe,Poland,2020-07-15,38721.0,264.0,290.286,1594.0,6.0,7.429,1023.104,6.976,7.67,42.117,0.159,0.196,1.07,,,1575.0,41.615,,,,,19918.0,1641890.0,43.383,0.526,18760.0,0.496,0.015,64.6,people tested,39.81,37846605.0,124.027,41.8,16.763,10.202,27216.445,,227.331,5.91,23.3,33.1,,6.62,78.73,0.865
POL,Europe,Poland,2020-07-16,39054.0,333.0,300.429,1605.0,11.0,7.714,1031.902,8.799,7.938,42.408,0.291,0.204,1.09,,,1550.0,40.955,,,,,20016.0,1661906.0,43.912,0.529,18936.0,0.5,0.016,63.0,people tested,39.81,37846605.0,124.027,41.8,16.763,10.202,27216.445,,227.331,5.91,23.3,33.1,,6.62,78.73,0.865
POL,Europe,Poland,2020-07-17,39407.0,353.0,313.0,1612.0,7.0,7.143,1041.229,9.327,8.27,42.593,0.185,0.189,1.11,,,1604.0,42.382,,,,,20567.0,1682473.0,44.455,0.543,19110.0,0.505,0.016,61.1,people tested,39.81,37846605.0,124.027,41.8,16.763,10.202,27216.445,,227.331,5.91,23.3,33.1,,6.62,78.73,0.865
POL,Europe,Poland,2020-07-18,39746.0,339.0,317.857,1618.0,6.0,7.143,1050.187,8.957,8.399,42.752,0.159,0.189,1.12,,,1551.0,40.981,,,,,18927.0,1701400.0,44.955,0.5,17137.0,0.453,0.019,53.9,people tested,39.81,37846605.0,124.027,41.8,16.763,10.202,27216.445,,227.331,5.91,23.3,33.1,,6.62,78.73,0.865
POL,Europe,Poland,2020-07-19,40104.0,358.0,316.143,1624.0,6.0,7.571,1059.646,9.459,8.353,42.91,0.159,0.2,1.14,,,1560.0,41.219,,,,,13956.0,1715356.0,45.324,0.369,17246.0,0.456,0.018,54.6,people tested,39.81,37846605.0,124.027,41.8,16.763,10.202,27216.445,,227.331,5.91,23.3,33.1,,6.62,78.73,0.865
POL,Europe,Poland,2020-07-20,40383.0,279.0,313.286,1627.0,3.0,7.286,1067.018,7.372,8.278,42.989,0.079,0.193,1.15,,,1575.0,41.615,,,,,10091.0,1725447.0,45.591,0.267,17158.0,0.453,0.018,54.8,people tested,39.81,37846605.0,124.027,41.8,16.763,10.202,27216.445,,227.331,5.91,23.3,33.1,,6.62,78.73,0.865
POL,Europe,Poland,2020-07-21,40782.0,399.0,332.143,1636.0,9.0,6.857,1077.56,10.543,8.776,43.227,0.238,0.181,1.17,,,1607.0,42.461,,,,,16162.0,1741609.0,46.018,0.427,17091.0,0.452,0.019,51.5,people tested,39.81,37846605.0,124.027,41.8,16.763,10.202,27216.445,,227.331,5.91,23.3,33.1,,6.62,78.73,0.865
POL,Europe,Poland,2020-07-22,41162.0,380.0,348.714,1642.0,6.0,6.857,1087.601,10.041,9.214,43.386,0.159,0.181,1.19,,,1644.0,43.439,,,,,19656.0,1761265.0,46.537,0.519,17054.0,0.451,0.02,48.9,people tested,39.81,37846605.0,124.027,41.8,16.763,10.202,27216.445,,227.331,5.91,23.3,33.1,,6.62,78.73,0.865
POL,Europe,Poland,2020-07-23,41580.0,418.0,360.857,1651.0,9.0,6.571,1098.645,11.045,9.535,43.623,0.238,0.174,1.21,,,1626.0,42.963,,,,,20985.0,1782250.0,47.091,0.554,17192.0,0.454,0.021,47.6,people tested,39.81,37846605.0,124.027,41.8,16.763,10.202,27216.445,,227.331,5.91,23.3,33.1,,6.62,78.73,0.865
POL,Europe,Poland,2020-07-24,42038.0,458.0,375.857,1655.0,4.0,6.143,1110.747,12.101,9.931,43.729,0.106,0.162,1.23,,,1617.0,42.725,,,,,18098.0,1800348.0,47.57,0.478,16839.0,0.445,0.022,44.8,people tested,39.81,37846605.0,124.027,41.8,16.763,10.202,27216.445,,227.331,5.91,23.3,33.1,,6.62,78.73,0.865
POL,Europe,Poland,2020-07-25,42622.0,584.0,410.857,1664.0,9.0,6.571,1126.178,15.431,10.856,43.967,0.238,0.174,1.24,,,1594.0,42.117,,,,,20010.0,1820358.0,48.098,0.529,16994.0,0.449,0.024,41.4,people tested,39.81,37846605.0,124.027,41.8,16.763,10.202,27216.445,,227.331,5.91,23.3,33.1,,6.62,78.73,0.865
POL,Europe,Poland,2020-07-26,43065.0,443.0,423.0,1671.0,7.0,6.714,1137.883,11.705,11.177,44.152,0.185,0.177,1.23,,,1601.0,42.302,,,,,,,,,16951.0,0.448,0.025,40.1,people tested,39.81,37846605.0,124.027,41.8,16.763,10.202,27216.445,,227.331,5.91,23.3,33.1,,6.62,78.73,0.865
POL,Europe,Poland,2020-07-27,43402.0,337.0,431.286,1676.0,5.0,7.0,1146.787,8.904,11.396,44.284,0.132,0.185,1.22,,,1625.0,42.936,,,,,,1847663.0,48.82,,17459.0,0.461,0.025,40.5,people tested,39.81,37846605.0,124.027,41.8,16.763,10.202,27216.445,,227.331,5.91,23.3,33.1,,6.62,78.73,0.865
POL,Europe,Poland,2020-07-28,43904.0,502.0,446.0,1682.0,6.0,6.571,1160.051,13.264,11.784,44.443,0.159,0.174,1.24,,,1655.0,43.729,,,,,16440.0,1864103.0,49.254,0.434,17499.0,0.462,0.025,39.2,people tested,39.81,37846605.0,124.027,41.8,16.763,10.202,27216.445,,227.331,5.91,23.3,33.1,,6.62,78.73,0.865
POL,Europe,Poland,2020-07-29,44416.0,512.0,464.857,1694.0,12.0,7.429,1173.58,13.528,12.283,44.76,0.317,0.196,1.25,,,1687.0,44.575,,,,,22969.0,1887072.0,49.861,0.607,17972.0,0.475,0.026,38.7,people tested,39.81,37846605.0,124.027,41.8,16.763,10.202,27216.445,,227.331,5.91,23.3,33.1,,6.62,78.73,0.865
POL,Europe,Poland,2020-07-30,45031.0,615.0,493.0,1709.0,15.0,8.286,1189.829,16.25,13.026,45.156,0.396,0.219,1.26,,,1694.0,44.76,,,,,22108.0,1909180.0,50.445,0.584,18133.0,0.479,0.027,36.8,people tested,39.81,37846605.0,124.027,41.8,16.763,10.202,27216.445,,227.331,5.91,23.3,33.1,,6.62,78.73,0.865
POL,Europe,Poland,2020-07-31,45688.0,657.0,521.429,1716.0,7.0,8.714,1207.189,17.36,13.777,45.341,0.185,0.23,1.26,,,1778.0,46.979,,,,,22394.0,1931574.0,51.037,0.592,18747.0,0.495,0.028,36.0,people tested,39.81,37846605.0,124.027,41.8,16.763,10.202,27216.445,,227.331,5.91,23.3,33.1,,6.62,78.73,0.865
POL,Europe,Poland,2020-08-01,46346.0,658.0,532.0,1721.0,5.0,8.143,1224.575,17.386,14.057,45.473,0.132,0.215,1.25,,,1841.0,48.644,,,,,21262.0,1952836.0,51.599,0.562,18925.0,0.5,0.028,35.6,people tested,39.81,37846605.0,124.027,41.8,16.763,10.202,27216.445,,227.331,5.91,23.3,33.1,,6.62,78.73,0.865
POL,Europe,Poland,2020-08-02,46894.0,548.0,547.0,1731.0,10.0,8.571,1239.054,14.48,14.453,45.737,0.264,0.226,1.23,,,1835.0,48.485,,,,,16734.0,1969570.0,52.041,0.442,19366.0,0.512,0.028,35.4,people tested,39.81,37846605.0,124.027,41.8,16.763,10.202,27216.445,,227.331,5.91,23.3,33.1,,6.62,78.73,0.865
POL,Europe,Poland,2020-08-03,47469.0,575.0,581.0,1732.0,1.0,8.0,1254.247,15.193,15.351,45.764,0.026,0.211,1.23,,,1841.0,48.644,,,,,11071.0,1980641.0,52.333,0.293,18997.0,0.502,0.031,32.7,people tested,39.81,37846605.0,124.027,41.8,16.763,10.202,27216.445,,227.331,5.91,23.3,33.1,,6.62,78.73,0.865
POL,Europe,Poland,2020-08-04,48149.0,680.0,606.429,1738.0,6.0,8.0,1272.215,17.967,16.023,45.922,0.159,0.211,1.22,,,1859.0,49.119,,,,,18888.0,1999529.0,52.832,0.499,19347.0,0.511,0.031,31.9,people tested,39.81,37846605.0,124.027,41.8,16.763,10.202,27216.445,,227.331,5.91,23.3,33.1,,6.62,78.73,0.865
POL,Europe,Poland,2020-08-05,48789.0,640.0,624.714,1756.0,18.0,8.857,1289.125,16.91,16.506,46.398,0.476,0.234,1.22,,,1898.0,50.15,,,,,28422.0,2027951.0,53.583,0.751,20126.0,0.532,0.031,32.2,people tested,39.81,37846605.0,124.027,41.8,16.763,10.202,27216.445,,227.331,5.91,23.3,33.1,,6.62,78.73,0.865
POL,Europe,Poland,2020-08-06,49515.0,726.0,640.571,1774.0,18.0,9.286,1308.308,19.183,16.925,46.873,0.476,0.245,1.21,,,1913.0,50.546,,,,,21278.0,2049229.0,54.146,0.562,20007.0,0.529,0.032,31.2,people tested,39.81,37846605.0,124.027,41.8,16.763,10.202,27216.445,,227.331,5.91,23.3,33.1,,6.62,78.73,0.865
POL,Europe,Poland,2020-08-07,50324.0,809.0,662.286,1787.0,13.0,10.143,1329.683,21.376,17.499,47.217,0.343,0.268,1.2,,,1928.0,50.942,,,,,25244.0,2074473.0,54.813,0.667,20414.0,0.539,0.032,30.8,people tested,39.81,37846605.0,124.027,41.8,16.763,10.202,27216.445,,227.331,5.91,23.3,33.1,,6.62,78.73,0.865
POL,Europe,Poland,2020-08-08,51167.0,843.0,688.714,1800.0,13.0,11.286,1351.957,22.274,18.198,47.56,0.343,0.298,1.18,,,1928.0,50.942,,,,,28307.0,2102780.0,55.561,0.748,21421.0,0.566,0.032,31.1,people tested,39.81,37846605.0,124.027,41.8,16.763,10.202,27216.445,,227.331,5.91,23.3,33.1,,6.62,78.73,0.865
POL,Europe,Poland,2020-08-09,51791.0,624.0,699.571,1807.0,7.0,10.857,1368.445,16.488,18.484,47.745,0.185,0.287,1.15,,,1930.0,50.995,,,,,20842.0,2123622.0,56.111,0.551,22007.0,0.581,0.032,31.5,people tested,39.81,37846605.0,124.027,41.8,16.763,10.202,27216.445,,227.331,5.91,23.3,33.1,,6.62,78.73,0.865
POL,Europe,Poland,2020-08-10,52410.0,619.0,705.857,1809.0,2.0,11.0,1384.801,16.355,18.65,47.798,0.053,0.291,1.12,,,1929.0,50.969,,,,,14399.0,2138021.0,56.492,0.38,22483.0,0.594,0.031,31.9,people tested,39.81,37846605.0,124.027,41.8,16.763,10.202,27216.445,,227.331,5.91,23.3,33.1,,6.62,78.73,0.865
POL,Europe,Poland,2020-08-11,52961.0,551.0,687.429,1821.0,12.0,11.857,1399.359,14.559,18.164,48.115,0.317,0.313,1.11,,,1985.0,52.449,,,,,20511.0,2158532.0,57.034,0.542,22715.0,0.6,0.03,33.0,people tested,39.81,37846605.0,124.027,41.8,16.763,10.202,27216.445,,227.331,5.91,23.3,33.1,,6.62,78.73,0.865
POL,Europe,Poland,2020-08-12,53676.0,715.0,698.143,1830.0,9.0,10.571,1418.251,18.892,18.447,48.353,0.238,0.279,1.11,,,2021.0,53.4,,,,,23495.0,2182027.0,57.654,0.621,22011.0,0.582,0.032,31.5,people tested,39.81,37846605.0,124.027,41.8,16.763,10.202,27216.445,,227.331,5.91,23.3,33.1,,6.62,78.73,0.865
POL,Europe,Poland,2020-08-13,54487.0,811.0,710.286,1844.0,14.0,10.0,1439.68,21.429,18.767,48.723,0.37,0.264,1.11,,,2059.0,54.404,,,,,25177.0,2207204.0,58.32,0.665,22568.0,0.596,0.031,31.8,people tested,39.81,37846605.0,124.027,41.8,16.763,10.202,27216.445,,227.331,5.91,23.3,33.1,,6.62,78.73,0.865
POL,Europe,Poland,2020-08-14,55319.0,832.0,713.571,1858.0,14.0,10.143,1461.663,21.983,18.854,49.093,0.37,0.268,1.1,,,2040.0,53.902,,,,,25792.0,2232996.0,59.001,0.681,22646.0,0.598,0.032,31.7,people tested,39.81,37846605.0,124.027,41.8,16.763,10.202,27216.445,,227.331,5.91,23.3,33.1,,6.62,78.73,0.865
POL,Europe,Poland,2020-08-15,56090.0,771.0,703.286,1869.0,11.0,9.857,1482.035,20.372,18.583,49.384,0.291,0.26,1.08,,,2028.0,53.585,,,,,23730.0,2256726.0,59.628,0.627,21992.0,0.581,0.032,31.3,people tested,39.81,37846605.0,124.027,41.8,16.763,10.202,27216.445,,227.331,5.91,23.3,33.1,,6.62,78.73,0.865
POL,Europe,Poland,2020-08-16,56684.0,594.0,699.0,1877.0,8.0,10.0,1497.73,15.695,18.469,49.595,0.211,0.264,1.06,,,2035.0,53.77,,,,,16004.0,2272730.0,60.051,0.423,21301.0,0.563,0.033,30.5,people tested,39.81,37846605.0,124.027,41.8,16.763,10.202,27216.445,,227.331,5.91,23.3,33.1,,6.62,78.73,0.865
POL,Europe,Poland,2020-08-17,57279.0,595.0,695.571,1885.0,8.0,10.857,1513.451,15.721,18.379,49.806,0.211,0.287,1.05,,,2040.0,53.902,,,,,12778.0,2285508.0,60.389,0.338,21070.0,0.557,0.033,30.3,people tested,39.81,37846605.0,124.027,41.8,16.763,10.202,27216.445,,227.331,5.91,23.3,33.1,,6.62,78.73,0.865
POL,Europe,Poland,2020-08-18,57876.0,597.0,702.143,1896.0,11.0,10.714,1529.226,15.774,18.552,50.097,0.291,0.283,1.05,,,2057.0,54.351,,,,,19884.0,2305392.0,60.914,0.525,20980.0,0.554,0.033,29.9,people tested,39.81,37846605.0,124.027,41.8,16.763,10.202,27216.445,,227.331,5.91,23.3,33.1,,6.62,78.73,0.865
POL,Europe,Poland,2020-08-19,58611.0,735.0,705.0,1913.0,17.0,11.857,1548.646,19.421,18.628,50.546,0.449,0.313,1.05,,,2097.0,55.408,,,,,27734.0,2333126.0,61.647,0.733,21586.0,0.57,0.033,30.6,people tested,39.81,37846605.0,124.027,41.8,16.763,10.202,27216.445,,227.331,5.91,23.3,33.1,,6.62,78.73,0.865
POL,Europe,Poland,2020-08-20,59378.0,767.0,698.714,1925.0,12.0,11.571,1568.912,20.266,18.462,50.863,0.317,0.306,1.06,,,2110.0,55.751,,,,,24646.0,2357772.0,62.298,0.651,21510.0,0.568,0.032,30.8,people tested,39.81,37846605.0,124.027,41.8,16.763,10.202,27216.445,,227.331,5.91,23.3,33.1,,6.62,78.73,0.865
POL,Europe,Poland,2020-08-21,60281.0,903.0,708.857,1938.0,13.0,11.429,1592.772,23.859,18.73,51.207,0.343,0.302,1.06,,,2151.0,56.835,,,,,28666.0,2386438.0,63.056,0.757,21920.0,0.579,0.032,30.9,people tested,39.81,37846605.0,124.027,41.8,16.763,10.202,27216.445,,227.331,5.91,23.3,33.1,,6.62,78.73,0.865
POL,Europe,Poland,2020-08-22,61181.0,900.0,727.286,1951.0,13.0,11.714,1616.552,23.78,19.217,51.55,0.343,0.31,1.05,,,2189.0,57.839,,,,,24793.0,2411231.0,63.711,0.655,22072.0,0.583,0.033,30.3,people tested,39.81,37846605.0,124.027,41.8,16.763,10.202,27216.445,,227.331,5.91,23.3,33.1,,6.62,78.73,0.865
POL,Europe,Poland,2020-08-23,61762.0,581.0,725.429,1955.0,4.0,11.143,1631.903,15.351,19.168,51.656,0.106,0.294,1.02,,,2195.0,57.997,,,,,18983.0,2430214.0,64.212,0.502,22498.0,0.594,0.032,31.0,people tested,39.81,37846605.0,124.027,41.8,16.763,10.202,27216.445,,227.331,5.91,23.3,33.1,,6.62,78.73,0.865
POL,Europe,Poland,2020-08-24,62310.0,548.0,718.714,1960.0,5.0,10.714,1646.383,14.48,18.99,51.788,0.132,0.283,1.01,,,2207.0,58.314,,,,,15332.0,2445546.0,64.617,0.405,22863.0,0.604,0.031,31.8,people tested,39.81,37846605.0,124.027,41.8,16.763,10.202,27216.445,,227.331,5.91,23.3,33.1,,6.62,78.73,0.865
POL,Europe,Poland,2020-08-25,63073.0,763.0,742.429,1977.0,17.0,11.571,1666.543,20.16,19.617,52.237,0.449,0.306,1.01,,,2167.0,57.257,,,,,21982.0,2467528.0,65.198,0.581,23162.0,0.612,0.032,31.2,people tested,39.81,37846605.0,124.027,41.8,16.763,10.202,27216.445,,227.331,5.91,23.3,33.1,,6.62,78.73,0.865
POL,Europe,Poland,2020-08-26,63802.0,729.0,741.571,1994.0,17.0,11.571,1685.805,19.262,19.594,52.686,0.449,0.306,1.01,,,2170.0,57.337,,,,,28311.0,2495839.0,65.946,0.748,23245.0,0.614,0.032,31.3,people tested,39.81,37846605.0,124.027,41.8,16.763,10.202,27216.445,,227.331,5.91,23.3,33.1,,6.62,78.73,0.865
POL,Europe,Poland,2020-08-27,64689.0,887.0,758.714,2010.0,16.0,12.143,1709.242,23.437,20.047,53.109,0.423,0.321,1.0,,,2185.0,57.733,,,,,27110.0,2522949.0,66.662,0.716,23597.0,0.623,0.032,31.1,people tested,39.81,37846605.0,124.027,41.8,16.763,10.202,27216.445,,227.331,5.91,23.3,33.1,,6.62,78.73,0.865
POL,Europe,Poland,2020-08-28,65480.0,791.0,742.714,2018.0,8.0,11.429,1730.142,20.9,19.624,53.321,0.211,0.302,0.99,,,2221.0,58.684,,,,,24782.0,2547731.0,67.317,0.655,23042.0,0.609,0.032,31.0,people tested,39.81,37846605.0,124.027,41.8,16.763,10.202,27216.445,,227.331,5.91,23.3,33.1,,6.62,78.73,0.865
POL,Europe,Poland,2020-08-29,66239.0,759.0,722.571,2032.0,14.0,11.571,1750.197,20.055,19.092,53.69,0.37,0.306,0.96,,,2237.0,59.107,,,,,21075.0,2568806.0,67.874,0.557,22511.0,0.595,0.032,31.2,people tested,39.81,37846605.0,124.027,41.8,16.763,10.202,27216.445,,227.331,5.91,23.3,33.1,,6.62,78.73,0.865
POL,Europe,Poland,2020-08-30,66870.0,631.0,729.714,2033.0,1.0,11.143,1766.869,16.673,19.281,53.717,0.026,0.294,0.94,,,2242.0,59.239,,,,,18753.0,2587559.0,68.37,0.496,22478.0,0.594,0.032,30.8,people tested,39.81,37846605.0,124.027,41.8,16.763,10.202,27216.445,,227.331,5.91,23.3,33.1,,6.62,78.73,0.865
POL,Europe,Poland,2020-08-31,67372.0,502.0,723.143,2039.0,6.0,11.286,1780.133,13.264,19.107,53.875,0.159,0.298,0.92,,,2249.0,59.424,,,,,12010.0,2599569.0,68.687,0.317,22003.0,0.581,0.033,30.4,people tested,39.81,37846605.0,124.027,41.8,16.763,10.202,27216.445,,227.331,5.91,23.3,33.1,,6.62,78.73,0.865
POL,Europe,Poland,2020-09-01,67922.0,550.0,692.714,2058.0,19.0,11.571,1794.666,14.532,18.303,54.377,0.502,0.306,0.91,,,2138.0,56.491,,,,,28703.0,2628272.0,69.445,0.758,22963.0,0.607,0.03,33.1,people tested,36.11,37846605.0,124.027,41.8,16.763,10.202,27216.445,,227.331,5.91,23.3,33.1,,6.62,78.73,0.865
POL,Europe,Poland,2020-09-02,68517.0,595.0,673.571,2078.0,20.0,12.0,1810.387,15.721,17.797,54.906,0.528,0.317,0.9,,,2168.0,57.284,,,,,24354.0,2652626.0,70.089,0.643,22398.0,0.592,0.03,33.3,people tested,36.11,37846605.0,124.027,41.8,16.763,10.202,27216.445,,227.331,5.91,23.3,33.1,,6.62,78.73,0.865
POL,Europe,Poland,2020-09-03,69129.0,612.0,634.286,2092.0,14.0,11.714,1826.557,16.171,16.759,55.276,0.37,0.31,0.9,,,2170.0,57.337,,,,,23972.0,2676598.0,70.722,0.633,21950.0,0.58,0.029,34.6,people tested,36.11,37846605.0,124.027,41.8,16.763,10.202,27216.445,,227.331,5.91,23.3,33.1,,6.62,78.73,0.865
POL,Europe,Poland,2020-09-04,69820.0,691.0,620.0,2100.0,8.0,11.714,1844.815,18.258,16.382,55.487,0.211,0.31,0.9,,,2179.0,57.575,,,,,21745.0,2698343.0,71.297,0.575,21516.0,0.569,0.029,34.7,people tested,36.11,37846605.0,124.027,41.8,16.763,10.202,27216.445,,227.331,5.91,23.3,33.1,,6.62,78.73,0.865
POL,Europe,Poland,2020-09-05,70387.0,567.0,592.571,2113.0,13.0,11.571,1859.797,14.982,15.657,55.831,0.343,0.306,0.88,,,2090.0,55.223,,,,,24819.0,2723162.0,71.953,0.656,22051.0,0.583,0.027,37.2,people tested,36.11,37846605.0,124.027,41.8,16.763,10.202,27216.445,,227.331,5.91,23.3,33.1,,6.62,78.73,0.865
POL,Europe,Poland,2020-09-06,70824.0,437.0,564.857,2120.0,7.0,12.429,1871.344,11.547,14.925,56.016,0.185,0.328,0.87,,,2091.0,55.249,,,,,18226.0,2741388.0,72.434,0.482,21976.0,0.581,0.026,38.9,people tested,36.11,37846605.0,124.027,41.8,16.763,10.202,27216.445,,227.331,5.91,23.3,33.1,,6.62,78.73,0.865
POL,Europe,Poland,2020-09-07,71126.0,302.0,536.286,2124.0,4.0,12.143,1879.323,7.98,14.17,56.121,0.106,0.321,0.87,,,2113.0,55.831,,,,,10025.0,2751413.0,72.699,0.265,21692.0,0.573,0.025,40.4,people tested,36.11,37846605.0,124.027,41.8,16.763,10.202,27216.445,,227.331,5.91,23.3,33.1,,6.62,78.73,0.865
POL,Europe,Poland,2020-09-08,71526.0,400.0,514.857,2136.0,12.0,11.143,1889.892,10.569,13.604,56.438,0.317,0.294,0.89,,,2042.0,53.955,,,,,18195.0,2769608.0,73.18,0.481,20191.0,0.533,0.025,39.2,people tested,36.11,37846605.0,124.027,41.8,16.763,10.202,27216.445,,227.331,5.91,23.3,33.1,,6.62,78.73,0.865
POL,Europe,Poland,2020-09-09,71947.0,421.0,490.0,2147.0,11.0,9.857,1901.016,11.124,12.947,56.729,0.291,0.26,0.92,,,2070.0,54.694,,,,,22779.0,2792387.0,73.782,0.602,19966.0,0.528,0.025,40.7,people tested,36.11,37846605.0,124.027,41.8,16.763,10.202,27216.445,,227.331,5.91,23.3,33.1,,6.62,78.73,0.865
POL,Europe,Poland,2020-09-10,72453.0,506.0,474.857,2159.0,12.0,9.571,1914.386,13.37,12.547,57.046,0.317,0.253,0.96,,,1924.0,50.837,,,,,18014.0,2810401.0,74.258,0.476,19115.0,0.505,0.025,40.3,people tested,36.11,37846605.0,124.027,41.8,16.763,10.202,27216.445,,227.331,5.91,23.3,33.1,,6.62,78.73,0.865
POL,Europe,Poland,2020-09-11,73047.0,594.0,461.0,2169.0,10.0,9.857,1930.081,15.695,12.181,57.31,0.264,0.26,1.0,,,1957.0,51.709,,,,,18715.0,2829116.0,74.752,0.494,18682.0,0.494,0.025,40.5,people tested,36.11,37846605.0,124.027,41.8,16.763,10.202,27216.445,,227.331,5.91,23.3,33.1,,6.62,78.73,0.865
POL,Europe,Poland,2020-09-12,73650.0,603.0,466.143,2182.0,13.0,9.857,1946.013,15.933,12.317,57.654,0.343,0.26,1.02,,,1946.0,51.418,,,,,20291.0,2849407.0,75.288,0.536,18035.0,0.477,0.026,38.7,people tested,36.11,37846605.0,124.027,41.8,16.763,10.202,27216.445,,227.331,5.91,23.3,33.1,,6.62,78.73,0.865
POL,Europe,Poland,2020-09-13,74152.0,502.0,475.429,2188.0,6.0,9.714,1959.277,13.264,12.562,57.812,0.159,0.257,1.05,,,1961.0,51.814,,,,,14159.0,2863566.0,75.662,0.374,17454.0,0.461,0.027,36.7,people tested,36.11,37846605.0,124.027,41.8,16.763,10.202,27216.445,,227.331,5.91,23.3,33.1,,6.62,78.73,0.865
POL,Europe,Poland,2020-09-14,74529.0,377.0,486.143,2203.0,15.0,11.286,1969.239,9.961,12.845,58.209,0.396,0.298,1.08,,,1972.0,52.105,,,,,12109.0,2875675.0,75.982,0.32,17752.0,0.469,0.027,36.5,people tested,36.11,37846605.0,124.027,41.8,16.763,10.202,27216.445,,227.331,5.91,23.3,33.1,,6.62,78.73,0.865
POL,Europe,Poland,2020-09-15,75134.0,605.0,515.429,2227.0,24.0,13.0,1985.224,15.986,13.619,58.843,0.634,0.343,1.13,,,1996.0,52.739,,,,,17925.0,2893600.0,76.456,0.474,17713.0,0.468,0.029,34.4,people tested,36.11,37846605.0,124.027,41.8,16.763,10.202,27216.445,,227.331,5.91,23.3,33.1,,6.62,78.73,0.865
POL,Europe,Poland,2020-09-16,75734.0,600.0,541.0,2237.0,10.0,12.857,2001.078,15.853,14.295,59.107,0.264,0.34,1.18,,,2007.0,53.03,,,,,21367.0,2914967.0,77.021,0.565,17511.0,0.463,0.031,32.4,people tested,36.11,37846605.0,124.027,41.8,16.763,10.202,27216.445,,227.331,5.91,23.3,33.1,,6.62,78.73,0.865
POL,Europe,Poland,2020-09-17,76571.0,837.0,588.286,2253.0,16.0,13.429,2023.193,22.116,15.544,59.53,0.423,0.355,1.23,,,1917.0,50.652,,,,,21873.0,2936840.0,77.599,0.578,18063.0,0.477,0.033,30.7,people tested,36.11,37846605.0,124.027,41.8,16.763,10.202,27216.445,,227.331,5.91,23.3,33.1,,6.62,78.73,0.865
POL,Europe,Poland,2020-09-18,77328.0,757.0,611.571,2270.0,17.0,14.429,2043.195,20.002,16.159,59.979,0.449,0.381,1.26,,,1925.0,50.863,,,,,20190.0,2957030.0,78.132,0.533,18273.0,0.483,0.033,29.9,people tested,23.15,37846605.0,124.027,41.8,16.763,10.202,27216.445,,227.331,5.91,23.3,33.1,,6.62,78.73,0.865
POL,Europe,Poland,2020-09-19,78330.0,1002.0,668.571,2282.0,12.0,14.286,2069.67,26.475,17.665,60.296,0.317,0.377,1.3,,,1977.0,52.237,,,,,19497.0,2976527.0,78.647,0.515,18160.0,0.48,0.037,27.2,people tested,23.15,37846605.0,124.027,41.8,16.763,10.202,27216.445,,227.331,5.91,23.3,33.1,,6.62,78.73,0.865
POL,Europe,Poland,2020-09-20,79240.0,910.0,726.857,2293.0,11.0,15.0,2093.715,24.044,19.205,60.587,0.291,0.396,1.31,,,1985.0,52.449,,,,,18604.0,2995131.0,79.139,0.492,18795.0,0.497,0.039,25.9,people tested,23.15,37846605.0,124.027,41.8,16.763,10.202,27216.445,,227.331,5.91,23.3,33.1,,6.62,78.73,0.865
POL,Europe,Poland,2020-09-21,79988.0,748.0,779.857,2298.0,5.0,13.571,2113.479,19.764,20.606,60.719,0.132,0.359,1.32,,,1979.0,52.29,,,,,11842.0,3006973.0,79.452,0.313,18757.0,0.496,0.042,24.1,people tested,23.15,37846605.0,124.027,41.8,16.763,10.202,27216.445,,227.331,5.91,23.3,33.1,,6.62,78.73,0.865
POL,Europe,Poland,2020-09-22,80699.0,711.0,795.0,2316.0,18.0,12.714,2132.265,18.786,21.006,61.194,0.476,0.336,1.34,,,,,,,,,20145.0,3027118.0,79.984,0.532,19074.0,0.504,0.042,24.0,people tested,23.15,37846605.0,124.027,41.8,16.763,10.202,27216.445,,227.331,5.91,23.3,33.1,,6.62,78.73,0.865
POL,Europe,Poland,2020-09-23,81673.0,974.0,848.429,2344.0,28.0,15.286,2158.001,25.735,22.418,61.934,0.74,0.404,1.38,,,1971.0,52.079,,,,,21230.0,3048348.0,80.545,0.561,19054.0,0.503,0.045,22.5,people tested,23.15,37846605.0,124.027,41.8,16.763,10.202,27216.445,,227.331,5.91,23.3,33.1,,6.62,78.73,0.865
POL,Europe,Poland,2020-09-24,82809.0,1136.0,891.143,2369.0,25.0,16.571,2188.017,30.016,23.546,62.595,0.661,0.438,1.42,,,1964.0,51.894,,,,,23370.0,3071718.0,81.162,0.617,19268.0,0.509,0.046,21.6,people tested,23.15,37846605.0,124.027,41.8,16.763,10.202,27216.445,,227.331,5.91,23.3,33.1,,6.62,78.73,0.865
POL,Europe,Poland,2020-09-25,84396.0,1587.0,1009.714,2392.0,23.0,17.429,2229.949,41.932,26.679,63.202,0.608,0.461,1.45,,,1995.0,52.713,,,,,23655.0,3095373.0,81.787,0.625,19763.0,0.522,0.051,19.6,people tested,23.15,37846605.0,124.027,41.8,16.763,10.202,27216.445,,227.331,5.91,23.3,33.1,,6.62,78.73,0.865
POL,Europe,Poland,2020-09-26,85980.0,1584.0,1092.857,2424.0,32.0,20.286,2271.802,41.853,28.876,64.048,0.846,0.536,1.46,,,2134.0,56.386,,,,,22394.0,3117767.0,82.379,0.592,20177.0,0.533,0.054,18.5,people tested,23.15,37846605.0,124.027,41.8,16.763,10.202,27216.445,,227.331,5.91,23.3,33.1,,6.62,78.73,0.865
POL,Europe,Poland,2020-09-27,87330.0,1350.0,1155.714,2432.0,8.0,19.857,2307.472,35.67,30.537,64.259,0.211,0.525,1.45,,,2223.0,58.737,,,,,18530.0,3136297.0,82.869,0.49,20167.0,0.533,0.057,17.4,people tested,23.15,37846605.0,124.027,41.8,16.763,10.202,27216.445,,227.331,5.91,23.3,33.1,,6.62,78.73,0.865
POL,Europe,Poland,2020-09-28,88636.0,1306.0,1235.429,2447.0,15.0,21.286,2341.98,34.508,32.643,64.656,0.396,0.562,1.45,,,2305.0,60.904,,,,,12904.0,3149201.0,83.21,0.341,20318.0,0.537,0.061,16.4,people tested,23.15,37846605.0,124.027,41.8,16.763,10.202,27216.445,,227.331,5.91,23.3,33.1,,6.62,78.73,0.865
POL,Europe,Poland,2020-09-29,89962.0,1326.0,1323.286,2483.0,36.0,23.857,2377.016,35.036,34.964,65.607,0.951,0.63,1.46,,,2399.0,63.387,,,,,22361.0,3171562.0,83.8,0.591,20635.0,0.545,0.064,15.6,people tested,23.15,37846605.0,124.027,41.8,16.763,10.202,27216.445,,227.331,5.91,23.3,33.1,,6.62,78.73,0.865
POL,Europe,Poland,2020-09-30,91514.0,1552.0,1405.857,2513.0,30.0,24.143,2418.024,41.008,37.146,66.4,0.793,0.638,1.48,,,2481.0,65.554,,,,,26074.0,3197636.0,84.489,0.689,21327.0,0.564,0.066,15.2,people tested,23.15,37846605.0,124.027,41.8,16.763,10.202,27216.445,,227.331,5.91,23.3,33.1,,6.62,78.73,0.865
POL,Europe,Poland,2020-10-01,93481.0,1967.0,1524.571,2543.0,30.0,24.857,2469.997,51.973,40.283,67.192,0.793,0.657,1.5,,,2560.0,67.641,,,,,28959.0,3226595.0,85.255,0.765,22125.0,0.585,0.069,14.5,people tested,23.15,37846605.0,124.027,41.8,16.763,10.202,27216.445,,227.331,5.91,23.3,33.1,,6.62,78.73,0.865
POL,Europe,Poland,2020-10-02,95773.0,2292.0,1625.286,2570.0,27.0,25.429,2530.557,60.56,42.944,67.906,0.713,0.672,1.52,,,2702.0,71.393,,,,,26500.0,3253095.0,85.955,0.7,22532.0,0.595,0.072,13.9,people tested,23.15,37846605.0,124.027,41.8,16.763,10.202,27216.445,,227.331,5.91,23.3,33.1,,6.62,78.73,0.865
POL,Europe,Poland,2020-10-03,98140.0,2367.0,1737.143,2604.0,34.0,25.714,2593.099,62.542,45.9,68.804,0.898,0.679,1.53,,,2850.0,75.304,,,,,29446.0,3282541.0,86.733,0.778,23539.0,0.622,0.074,13.6,people tested,23.15,37846605.0,124.027,41.8,16.763,10.202,27216.445,,227.331,5.91,23.3,33.1,,6.62,78.73,0.865
POL,Europe,Poland,2020-10-04,100074.0,1934.0,1820.571,2630.0,26.0,28.286,2644.2,51.101,48.104,69.491,0.687,0.747,1.53,,,2977.0,78.66,,,,,25254.0,3307795.0,87.4,0.667,24500.0,0.647,0.074,13.5,people tested,23.15,37846605.0,124.027,41.8,16.763,10.202,27216.445,,227.331,5.91,23.3,33.1,,6.62,78.73,0.865
POL,Europe,Poland,2020-10-05,102080.0,2006.0,1920.571,2659.0,29.0,30.286,2697.204,53.003,50.746,70.257,0.766,0.8,1.55,,,3158.0,83.442,,,,,17718.0,3325513.0,87.868,0.468,25187.0,0.666,0.076,13.1,people tested,23.15,37846605.0,124.027,41.8,16.763,10.202,27216.445,,227.331,5.91,23.3,33.1,,6.62,78.73,0.865
POL,Europe,Poland,2020-10-06,104316.0,2236.0,2050.571,2717.0,58.0,33.429,2756.284,59.081,54.181,71.79,1.533,0.883,1.58,,,3719.0,98.265,,,,,23296.0,3348809.0,88.484,0.616,25321.0,0.669,0.081,12.3,people tested,23.15,37846605.0,124.027,41.8,16.763,10.202,27216.445,,227.331,5.91,23.3,33.1,,6.62,78.73,0.865
POL,Europe,Poland,2020-10-07,107319.0,3003.0,2257.857,2792.0,75.0,39.857,2835.631,79.347,59.658,73.771,1.982,1.053,1.63,,,4000.0,105.69,,,,,32418.0,3381227.0,89.34,0.857,26227.0,0.693,0.086,11.6,people tested,23.15,37846605.0,124.027,41.8,16.763,10.202,27216.445,,227.331,5.91,23.3,33.1,,6.62,78.73,0.865
POL,Europe,Poland,2020-10-08,111599.0,4280.0,2588.286,2867.0,75.0,46.286,2948.719,113.088,68.389,75.753,1.982,1.223,1.67,,,4138.0,109.336,,,,,42748.0,3423975.0,90.47,1.13,28197.0,0.745,0.092,10.9,people tested,23.15,37846605.0,124.027,41.8,16.763,10.202,27216.445,,227.331,5.91,23.3,33.1,,6.62,78.73,0.865
POL,Europe,Poland,2020-10-09,116338.0,4739.0,2937.857,2919.0,52.0,49.857,3073.935,125.216,77.625,77.127,1.374,1.317,1.69,,,4407.0,116.444,,,,,31036.0,3455011.0,91.29,0.82,28845.0,0.762,0.102,9.8,people tested,23.15,37846605.0,124.027,41.8,16.763,10.202,27216.445,,227.331,5.91,23.3,33.1,,6.62,78.73,0.865
POL,Europe,Poland,2020-10-10,121638.0,5300.0,3356.857,2972.0,53.0,52.571,3213.974,140.039,88.696,78.528,1.4,1.389,1.68,,,4725.0,124.846,,,,,35959.0,3490970.0,92.24,0.95,29776.0,0.787,0.113,8.9,people tested,37.04,37846605.0,124.027,41.8,16.763,10.202,27216.445,,227.331,5.91,23.3,33.1,,6.62,78.73,0.865
POL,Europe,Poland,2020-10-11,125816.0,4178.0,3677.429,3004.0,32.0,53.429,3324.367,110.393,97.167,79.373,0.846,1.412,1.65,,,4924.0,130.104,,,,,30287.0,3521257.0,93.04,0.8,30495.0,0.806,0.121,8.3,people tested,37.04,37846605.0,124.027,41.8,16.763,10.202,27216.445,,227.331,5.91,23.3,33.1,,6.62,78.73,0.865
POL,Europe,Poland,2020-10-12,130210.0,4394.0,4018.571,3039.0,35.0,54.286,3440.467,116.1,106.18,80.298,0.925,1.434,1.64,,,5262.0,139.035,,,,,24229.0,3545486.0,93.68,0.64,31425.0,0.83,0.128,7.8,people tested,37.04,37846605.0,124.027,41.8,16.763,10.202,27216.445,,227.331,5.91,23.3,33.1,,6.62,78.73,0.865
POL,Europe,Poland,2020-10-13,135278.0,5068.0,4423.143,3101.0,62.0,54.857,3574.376,133.909,116.87,81.936,1.638,1.449,1.65,,,5669.0,149.789,,,,,32381.0,3577867.0,94.536,0.856,32723.0,0.865,0.135,7.4,people tested,37.04,37846605.0,124.027,41.8,16.763,10.202,27216.445,,227.331,5.91,23.3,33.1,,6.62,78.73,0.865
POL,Europe,Poland,2020-10-14,141804.0,6526.0,4926.429,3217.0,116.0,60.714,3746.809,172.433,130.168,85.001,3.065,1.604,1.66,,,6084.0,160.754,,,,,42705.0,3620572.0,95.664,1.128,34192.0,0.903,0.144,6.9,people tested,37.04,37846605.0,124.027,41.8,16.763,10.202,27216.445,,227.331,5.91,23.3,33.1,,6.62,78.73,0.865
POL,Europe,Poland,2020-10-15,149903.0,8099.0,5472.0,3308.0,91.0,63.0,3960.804,213.995,144.584,87.405,2.404,1.665,1.66,,,6538.0,172.75,,,,,62215.0,3682787.0,97.308,1.644,36973.0,0.977,0.148,6.8,people tested,37.04,37846605.0,124.027,41.8,16.763,10.202,27216.445,,227.331,5.91,23.3,33.1,,6.62,78.73,0.865
POL,Europe,Poland,2020-10-16,157608.0,7705.0,5895.714,3440.0,132.0,74.429,4164.389,203.585,155.779,90.893,3.488,1.967,1.64,,,6980.0,184.429,,,,,49400.0,3732187.0,98.614,1.305,39597.0,1.046,0.149,6.7,people tested,37.04,37846605.0,124.027,41.8,16.763,10.202,27216.445,,227.331,5.91,23.3,33.1,,6.62,78.73,0.865
POL,Europe,Poland,2020-10-17,167230.0,9622.0,6513.143,3524.0,84.0,78.857,4418.626,254.237,172.093,93.113,2.219,2.084,1.62,,,7612.0,201.128,,,,,47604.0,3779791.0,99.871,1.258,41260.0,1.09,0.158,6.3,people tested,32.87,37846605.0,124.027,41.8,16.763,10.202,27216.445,,227.331,5.91,23.3,33.1,,6.62,78.73,0.865
POL,Europe,Poland,2020-10-18,175766.0,8536.0,7135.714,3573.0,49.0,81.286,4644.168,225.542,188.543,94.407,1.295,2.148,1.59,,,8076.0,213.388,,,,,34873.0,3814664.0,100.793,0.921,41915.0,1.107,0.17,5.9,people tested,32.87,37846605.0,124.027,41.8,16.763,10.202,27216.445,,227.331,5.91,23.3,33.1,,6.62,78.73,0.865
POL,Europe,Poland,2020-10-19,183248.0,7482.0,7576.857,3614.0,41.0,82.143,4841.861,197.693,200.199,95.491,1.083,2.17,1.56,,,8375.0,221.288,,,,,35484.0,3850148.0,101.73,0.938,43523.0,1.15,0.174,5.7,people tested,34.72,37846605.0,124.027,41.8,16.763,10.202,27216.445,,227.331,5.91,23.3,33.1,,6.62,78.73,0.865
POL,Europe,Poland,2020-10-20,192539.0,9291.0,8180.143,3721.0,107.0,88.571,5087.352,245.491,216.139,98.318,2.827,2.34,1.55,,,8962.0,236.798,,,,,39799.0,3889947.0,102.782,1.052,44583.0,1.178,0.183,5.5,people tested,34.72,37846605.0,124.027,41.8,16.763,10.202,27216.445,,227.331,5.91,23.3,33.1,,6.62,78.73,0.865
POL,Europe,Poland,2020-10-21,202579.0,10040.0,8682.143,3851.0,130.0,90.571,5352.633,265.281,229.403,101.753,3.435,2.393,1.55,,,9439.0,249.401,,,,,58085.0,3948032.0,104.317,1.535,46780.0,1.236,0.186,5.4,people tested,34.72,37846605.0,124.027,41.8,16.763,10.202,27216.445,,227.331,5.91,23.3,33.1,,6.62,78.73,0.865
POL,Europe,Poland,2020-10-22,214686.0,12107.0,9254.714,4019.0,168.0,101.571,5672.53,319.897,244.532,106.192,4.439,2.684,1.54,,,10091.0,266.629,,,,,48713.0,3996745.0,105.604,1.287,44851.0,1.185,0.206,4.8,people tested,34.72,37846605.0,124.027,41.8,16.763,10.202,27216.445,,227.331,5.91,23.3,33.1,,6.62,78.73,0.865
POL,Europe,Poland,2020-10-23,228318.0,13632.0,10101.429,4172.0,153.0,104.571,6032.721,360.191,266.904,110.234,4.043,2.763,1.53,,,10788.0,285.045,,,,,59810.0,4056555.0,107.184,1.58,46338.0,1.224,0.218,4.6,people tested,34.72,37846605.0,124.027,41.8,16.763,10.202,27216.445,,227.331,5.91,23.3,33.1,,6.62,78.73,0.865
POL,Europe,Poland,2020-10-24,241946.0,13628.0,10673.714,4351.0,179.0,118.143,6392.806,360.085,282.026,114.964,4.73,3.122,1.51,,,11496.0,303.752,,,,,53920.0,4110475.0,108.609,1.425,47241.0,1.248,0.226,4.4,people tested,71.3,37846605.0,124.027,41.8,16.763,10.202,27216.445,,227.331,5.91,23.3,33.1,,6.62,78.73,0.865
POL,Europe,Poland,2020-10-25,253688.0,11742.0,11131.714,4438.0,87.0,123.571,6703.058,310.252,294.127,117.263,2.299,3.265,1.48,,,11887.0,314.084,,,,,52630.0,4163105.0,109.999,1.391,49777.0,1.315,0.224,4.5,people tested,71.3,37846605.0,124.027,41.8,16.763,10.202,27216.445,,227.331,5.91,23.3,33.1,,6.62,78.73,0.865
POL,Europe,Poland,2020-10-26,263929.0,10241.0,11525.857,4483.0,45.0,124.143,6973.651,270.592,304.541,118.452,1.189,3.28,1.47,,,12282.0,324.521,,,,,49243.0,4212348.0,111.301,1.301,51743.0,1.367,0.223,4.5,people tested,71.3,37846605.0,124.027,41.8,16.763,10.202,27216.445,,227.331,5.91,23.3,33.1,,6.62,78.73,0.865
POL,Europe,Poland,2020-10-27,280229.0,16300.0,12527.143,4615.0,132.0,127.714,7404.337,430.686,330.998,121.94,3.488,3.375,1.48,,,13291.0,351.181,,,,,64096.0,4276444.0,112.994,1.694,55214.0,1.459,0.227,4.4,people tested,71.3,37846605.0,124.027,41.8,16.763,10.202,27216.445,,227.331,5.91,23.3,33.1,,6.62,78.73,0.865
POL,Europe,Poland,2020-10-28,299049.0,18820.0,13781.429,4849.0,234.0,142.571,7901.607,497.27,364.139,128.122,6.183,3.767,1.49,,,13931.0,368.091,,,,,59145.0,4335589.0,114.557,1.563,55365.0,1.463,0.249,4.0,people tested,71.3,37846605.0,124.027,41.8,16.763,10.202,27216.445,,227.331,5.91,23.3,33.1,,6.62,78.73,0.865
POL,Europe,Poland,2020-10-29,319205.0,20156.0,14931.286,5149.0,300.0,161.429,8434.178,532.571,394.521,136.049,7.927,4.265,1.48,,,14631.0,386.587,,,,,68955.0,4404544.0,116.379,1.822,58257.0,1.539,0.256,3.9,people tested,71.3,37846605.0,124.027,41.8,16.763,10.202,27216.445,,227.331,5.91,23.3,33.1,,6.62,78.73,0.865
POL,Europe,Poland,2020-10-30,340834.0,21629.0,16073.714,5351.0,202.0,168.429,9005.669,571.491,424.707,141.387,5.337,4.45,1.45,,,15444.0,408.068,,,,,75559.0,4480103.0,118.375,1.996,60507.0,1.599,0.266,3.8,people tested,71.3,37846605.0,124.027,41.8,16.763,10.202,27216.445,,227.331,5.91,23.3,33.1,,6.62,78.73,0.865
POL,Europe,Poland,2020-10-31,362731.0,21897.0,17255.0,5631.0,280.0,182.857,9584.241,578.572,455.919,148.785,7.398,4.832,1.42,,,16144.0,426.564,,,,,56691.0,4536794.0,119.873,1.498,60903.0,1.609,0.283,3.5,people tested,71.3,37846605.0,124.027,41.8,16.763,10.202,27216.445,,227.331,5.91,23.3,33.1,,6.62,78.73,0.865
POL,Europe,Poland,2020-11-01,379902.0,17171.0,18030.571,5783.0,152.0,192.143,10037.941,453.7,476.412,152.801,4.016,5.077,1.37,,,16427.0,434.042,,,,,48341.0,4585135.0,121.15,1.277,60290.0,1.593,0.299,3.3,people tested,71.3,37846605.0,124.027,41.8,16.763,10.202,27216.445,,227.331,5.91,23.3,33.1,,6.62,78.73,0.865
POL,Europe,Poland,2020-11-02,395480.0,15578.0,18793.0,5875.0,92.0,198.857,10449.55,411.609,496.557,155.232,2.431,5.254,1.35,,,17223.0,455.074,,,,,64101.0,4649236.0,122.844,1.694,62413.0,1.649,0.301,3.3,people tested,71.3,37846605.0,124.027,41.8,16.763,10.202,27216.445,,227.331,5.91,23.3,33.1,,6.62,78.73,0.865
POL,Europe,Poland,2020-11-03,414844.0,19364.0,19230.714,6102.0,227.0,212.429,10961.195,511.644,508.123,161.23,5.998,5.613,1.34,,,18160.0,479.832,,,,,62988.0,4712224.0,124.508,1.664,62254.0,1.645,0.309,3.2,people tested,71.3,37846605.0,124.027,41.8,16.763,10.202,27216.445,,227.331,5.91,23.3,33.1,,6.62,78.73,0.865
POL,Europe,Poland,2020-11-04,439536.0,24692.0,20069.571,6475.0,373.0,232.286,11613.618,652.423,530.287,171.085,9.856,6.138,1.34,,,18654.0,492.884,,,,,67690.0,4779914.0,126.297,1.789,63475.0,1.677,0.316,3.2,people tested,71.3,37846605.0,124.027,41.8,16.763,10.202,27216.445,,227.331,5.91,23.3,33.1,,6.62,78.73,0.865
POL,Europe,Poland,2020-11-05,466679.0,27143.0,21067.714,6842.0,367.0,241.857,12330.802,717.185,556.661,180.782,9.697,6.39,1.32,,,19114.0,505.039,,,,,65416.0,4845330.0,128.025,1.728,62969.0,1.664,0.335,3.0,people tested,71.3,37846605.0,124.027,41.8,16.763,10.202,27216.445,,227.331,5.91,23.3,33.1,,6.62,78.73,0.865
POL,Europe,Poland,2020-11-06,493765.0,27086.0,21847.286,7287.0,445.0,276.571,13046.481,715.678,577.259,192.54,11.758,7.308,1.3,,,19479.0,514.683,,,,,74215.0,4919545.0,129.986,1.961,62777.0,1.659,0.348,2.9,people tested,71.3,37846605.0,124.027,41.8,16.763,10.202,27216.445,,227.331,5.91,23.3,33.1,,6.62,78.73,0.865
POL,Europe,Poland,2020-11-07,521640.0,27875.0,22701.286,7636.0,349.0,286.429,13783.006,736.526,599.824,201.762,9.221,7.568,1.27,,,20249.0,535.028,,,,,65515.0,4985060.0,131.717,1.731,64038.0,1.692,0.354,2.8,people tested,71.3,37846605.0,124.027,41.8,16.763,10.202,27216.445,,227.331,5.91,23.3,33.1,,6.62,78.73,0.865
POL,Europe,Poland,2020-11-08,546425.0,24785.0,23789.0,7872.0,236.0,298.429,14437.887,654.88,628.564,207.998,6.236,7.885,1.23,,,20214.0,534.103,,,,,59764.0,5044824.0,133.297,1.579,65670.0,1.735,0.362,2.8,people tested,71.3,37846605.0,124.027,41.8,16.763,10.202,27216.445,,227.331,5.91,23.3,33.1,,6.62,78.73,0.865
POL,Europe,Poland,2020-11-09,568138.0,21713.0,24665.429,8045.0,173.0,310.0,15011.597,573.711,651.721,212.569,4.571,8.191,1.19,,,20967.0,553.999,,,,,42114.0,5086938.0,134.409,1.113,62529.0,1.652,0.394,2.5,people tested,71.3,37846605.0,124.027,41.8,16.763,10.202,27216.445,,227.331,5.91,23.3,33.1,,6.62,78.73,0.865
POL,Europe,Poland,2020-11-10,593592.0,25454.0,25535.429,8375.0,330.0,324.714,15684.154,672.557,674.709,221.288,8.719,8.58,1.16,,,21640.0,571.782,,,,,53513.0,5140451.0,135.823,1.414,61175.0,1.616,0.417,2.4,people tested,71.3,37846605.0,124.027,41.8,16.763,10.202,27216.445,,227.331,5.91,23.3,33.1,,6.62,78.73,0.865
POL,Europe,Poland,2020-11-11,618813.0,25221.0,25611.0,8805.0,430.0,332.857,16350.555,666.401,676.705,232.65,11.362,8.795,1.13,,,21521.0,568.638,,,,,52019.0,5192470.0,137.198,1.374,58937.0,1.557,0.435,2.3,people tested,71.3,37846605.0,124.027,41.8,16.763,10.202,27216.445,,227.331,5.91,23.3,33.1,,6.62,78.73,0.865
POL,Europe,Poland,2020-11-12,641496.0,22683.0,24973.857,9080.0,275.0,319.714,16949.896,599.34,659.87,239.916,7.266,8.448,1.1,,,21899.0,578.625,,,,,56348.0,5248818.0,138.687,1.489,57641.0,1.523,0.433,2.3,people tested,71.3,37846605.0,124.027,41.8,16.763,10.202,27216.445,,227.331,5.91,23.3,33.1,,6.62,78.73,0.865
POL,Europe,Poland,2020-11-13,665547.0,24051.0,24540.286,9499.0,419.0,316.0,17585.382,635.486,648.414,250.987,11.071,8.349,1.08,,,22298.0,589.168,,,,,55967.0,5304785.0,140.165,1.479,55034.0,1.454,0.446,2.2,people tested,71.3,37846605.0,124.027,41.8,16.763,10.202,27216.445,,227.331,5.91,23.3,33.1,,6.62,78.73,0.865
POL,Europe,Poland,2020-11-14,691118.0,25571.0,24211.143,10045.0,546.0,344.143,18261.03,675.648,639.718,265.414,14.427,9.093,1.06,,,22320.0,589.749,,,,,54972.0,5359757.0,141.618,1.452,53528.0,1.414,0.452,2.2,people tested,71.3,37846605.0,124.027,41.8,16.763,10.202,27216.445,,227.331,5.91,23.3,33.1,,6.62,78.73,0.865
POL,Europe,Poland,2020-11-15,712972.0,21854.0,23792.429,10348.0,303.0,353.714,18838.466,577.436,628.654,273.42,8.006,9.346,1.03,,,21988.0,580.977,,,,,45308.0,5405065.0,142.815,1.197,51463.0,1.36,0.462,2.2,people tested,71.3,37846605.0,124.027,41.8,16.763,10.202,27216.445,,227.331,5.91,23.3,33.1,,6.62,78.73,0.865
POL,Europe,Poland,2020-11-16,733788.0,20816.0,23664.286,10491.0,143.0,349.429,19388.476,550.01,625.268,277.198,3.778,9.233,1.01,,,22458.0,593.395,,,,,34096.0,5439161.0,143.716,0.901,50318.0,1.33,0.47,2.1,people tested,71.3,37846605.0,124.027,41.8,16.763,10.202,27216.445,,227.331,5.91,23.3,33.1,,6.62,78.73,0.865
POL,Europe,Poland,2020-11-17,752940.0,19152.0,22764.0,10848.0,357.0,353.286,19894.519,506.043,601.481,286.631,9.433,9.335,1.0,,,23033.0,608.588,,,,,40956.0,5480117.0,144.798,1.082,48524.0,1.282,0.469,2.1,people tested,71.3,37846605.0,124.027,41.8,16.763,10.202,27216.445,,227.331,5.91,23.3,33.1,,6.62,78.73,0.865
POL,Europe,Poland,2020-11-18,772823.0,19883.0,22001.429,11451.0,603.0,378.0,20419.876,525.358,581.332,302.563,15.933,9.988,0.99,,,22812.0,602.749,,,,,55729.0,5535846.0,146.271,1.472,49054.0,1.296,0.449,2.2,people tested,71.3,37846605.0,124.027,41.8,16.763,10.202,27216.445,,227.331,5.91,23.3,33.1,,6.62,78.73,0.865
POL,Europe,Poland,2020-11-19,796798.0,23975.0,22186.0,12088.0,637.0,429.714,21053.355,633.478,586.208,319.395,16.831,11.354,0.99,,,22536.0,595.456,,,,,56841.0,5592687.0,147.772,1.502,49124.0,1.298,0.452,2.2,people tested,71.3,37846605.0,124.027,41.8,16.763,10.202,27216.445,,227.331,5.91,23.3,33.1,,6.62,78.73,0.865
POL,Europe,Poland,2020-11-20,819262.0,22464.0,21959.286,12714.0,626.0,459.286,21646.909,593.554,580.218,335.935,16.54,12.135,0.98,,,22643.0,598.284,,,,,53690.0,5646377.0,149.191,1.419,48799.0,1.289,0.45,2.2,people tested,71.3,37846605.0,124.027,41.8,16.763,10.202,27216.445,,227.331,5.91,23.3,33.1,,6.62,78.73,0.865
POL,Europe,Poland,2020-11-21,843475.0,24213.0,21765.286,13288.0,574.0,463.286,22286.675,639.767,575.092,351.102,15.166,12.241,0.97,,,22478.0,593.924,,,,,42414.0,5688791.0,150.312,1.121,47005.0,1.242,0.463,2.2,people tested,71.3,37846605.0,124.027,41.8,16.763,10.202,27216.445,,227.331,5.91,23.3,33.1,,6.62,78.73,0.865
POL,Europe,Poland,2020-11-22,861331.0,17856.0,21194.143,13618.0,330.0,467.143,22758.475,471.799,560.001,359.821,8.719,12.343,0.96,,,22094.0,583.778,,,,,41945.0,5730736.0,151.42,1.108,46524.0,1.229,0.456,2.2,people tested,71.3,37846605.0,124.027,41.8,16.763,10.202,27216.445,,227.331,5.91,23.3,33.1,,6.62,78.73,0.865
POL,Europe,Poland,2020-11-23,876333.0,15002.0,20363.571,13774.0,156.0,469.0,23154.864,396.39,538.055,363.943,4.122,12.392,0.95,,,22234.0,587.477,,,,,26866.0,5757602.0,152.13,0.71,45492.0,1.202,0.448,2.2,people tested,71.3,37846605.0,124.027,41.8,16.763,10.202,27216.445,,227.331,5.91,23.3,33.1,,6.62,78.73,0.865
POL,Europe,Poland,2020-11-24,909066.0,32733.0,22303.714,14314.0,540.0,495.143,24019.75,864.886,589.319,378.211,14.268,13.083,0.96,,,22405.0,591.995,,,,,32843.0,5790445.0,152.998,0.868,44333.0,1.171,0.503,2.0,people tested,71.3,37846605.0,124.027,41.8,16.763,10.202,27216.445,,227.331,5.91,23.3,33.1,,6.62,78.73,0.865
POL,Europe,Poland,2020-11-25,924422.0,15356.0,21657.0,14988.0,674.0,505.286,24425.493,405.743,572.231,396.02,17.809,13.351,0.93,,,22119.0,584.438,,,,,47276.0,5837721.0,154.247,1.249,43125.0,1.139,0.502,2.0,people tested,71.3,37846605.0,124.027,41.8,16.763,10.202,27216.445,,227.331,5.91,23.3,33.1,,6.62,78.73,0.865
POL,Europe,Poland,2020-11-26,941112.0,16690.0,20616.286,15568.0,580.0,497.143,24866.484,440.991,544.733,411.345,15.325,13.136,0.92,,,21636.0,571.676,,,,,44193.0,5881914.0,155.415,1.168,41318.0,1.092,0.499,2.0,people tested,71.3,37846605.0,124.027,41.8,16.763,10.202,27216.445,,227.331,5.91,23.3,33.1,,6.62,78.73,0.865
POL,Europe,Poland,2020-11-27,958416.0,17304.0,19879.143,16147.0,579.0,490.429,25323.698,457.214,525.256,426.643,15.299,12.958,0.92,,,21691.0,573.129,,,,,45464.0,5927378.0,156.616,1.201,40143.0,1.061,0.495,2.0,people tested,71.3,37846605.0,124.027,41.8,16.763,10.202,27216.445,,227.331,5.91,23.3,33.1,,6.62,78.73,0.865
POL,Europe,Poland,2020-11-28,973593.0,15177.0,18588.286,16746.0,599.0,494.0,25724.712,401.014,491.148,442.47,15.827,13.053,,,,21476.0,567.449,,,,,40970.0,5968348.0,157.698,1.083,39937.0,1.055,0.465,2.1,people tested,71.3,37846605.0,124.027,41.8,16.763,10.202,27216.445,,227.331,5.91,23.3,33.1,,6.62,78.73,0.865
POL,Europe,Poland,2020-11-29,985075.0,11482.0,17677.714,17029.0,283.0,487.286,26028.094,303.383,467.089,449.948,7.478,12.875,,,,21059.0,556.43,,,,,24164.0,5992512.0,158.337,0.638,37397.0,0.988,0.473,2.1,people tested,71.3,37846605.0,124.027,41.8,16.763,10.202,27216.445,,227.331,5.91,23.3,33.1,,6.62,78.73,0.865
POL,Europe,Poland,2020-11-30,990811.0,5736.0,16354.0,17150.0,121.0,482.286,26179.653,151.559,432.113,453.145,3.197,12.743,,,,21504.0,568.188,,,,,24663.0,6017175.0,158.989,0.652,37082.0,0.98,0.441,2.3,people tested,71.3,37846605.0,124.027,41.8,16.763,10.202,27216.445,,227.331,5.91,23.3,33.1,,6.62,78.73,0.865
POL,Europe,Poland,2020-12-01,999924.0,9113.0,12979.714,17599.0,449.0,469.286,26420.441,240.788,342.956,465.009,11.864,12.4,,,,21351.0,564.146,,,,,37638.0,6054813.0,159.983,0.994,37767.0,0.998,0.344,2.9,people tested,71.3,37846605.0,124.027,41.8,16.763,10.202,27216.445,,227.331,5.91,23.3,33.1,,6.62,78.73,0.865
POL,Europe,Poland,2020-12-02,1013747.0,13823.0,12760.714,18208.0,609.0,460.0,26785.679,365.238,337.169,481.1,16.091,12.154,,,,20855.0,551.04,,,,,41100.0,6095913.0,161.069,1.086,36885.0,0.975,0.346,2.9,people tested,71.3,37846605.0,124.027,41.8,16.763,10.202,27216.445,,227.331,5.91,23.3,33.1,,6.62,78.73,0.865
POL,Europe,Poland,2020-12-03,1028610.0,14863.0,12499.714,18828.0,620.0,465.714,27178.396,392.717,330.273,497.482,16.382,12.305,,,,20477.0,541.052,,,,,37250.0,6133163.0,162.053,0.984,35893.0,0.948,0.348,2.9,people tested,71.3,37846605.0,124.027,41.8,16.763,10.202,27216.445,,227.331,5.91,23.3,33.1,,6.62,78.73,0.865
POL,Europe,Poland,2020-12-04,1041846.0,13236.0,11918.571,19359.0,531.0,458.857,27528.123,349.728,314.918,511.512,14.03,12.124,,,,20135.0,532.016,,,,,39559.0,6172722.0,163.098,1.045,35049.0,0.926,0.34,2.9,people tested,71.3,37846605.0,124.027,41.8,16.763,10.202,27216.445,,227.331,5.91,23.3,33.1,,6.62,78.73,0.865
POL,Europe,Poland,2020-12-05,1054273.0,12427.0,11525.714,19861.0,502.0,445.0,27856.475,328.352,304.538,524.776,13.264,11.758,,,,19895.0,525.675,,,,,34846.0,6207568.0,164.019,0.921,34174.0,0.903,0.337,3.0,people tested,71.3,37846605.0,124.027,41.8,16.763,10.202,27216.445,,227.331,5.91,23.3,33.1,,6.62,78.73,0.865
POL,Europe,Poland,2020-12-06,1063449.0,9176.0,11196.286,20089.0,228.0,437.143,28098.927,242.452,295.833,530.801,6.024,11.55,,,,19363.0,511.618,,,,,23176.0,6230744.0,164.632,0.612,34033.0,0.899,0.329,3.0,people tested,71.3,37846605.0,124.027,41.8,16.763,10.202,27216.445,,227.331,5.91,23.3,33.1,,6.62,78.73,0.865
POL,Europe,Poland,2020-12-07,1067870.0,4421.0,11008.429,20181.0,92.0,433.0,28215.741,116.814,290.87,533.231,2.431,11.441,,,,,,,,,,18991.0,6249735.0,165.133,0.502,33223.0,0.878,0.331,3.0,people tested,,37846605.0,124.027,41.8,16.763,10.202,27216.445,,227.331,5.91,23.3,33.1,,6.62,78.73,0.865
POL,Europe,Poland,2020-12-08,1076180.0,8310.0,10893.714,20592.0,411.0,427.571,28435.311,219.571,287.839,544.091,10.86,11.297,,,,,,,,,,29217.0,6278952.0,165.905,0.772,32020.0,0.846,0.34,2.9,people tested,,37846605.0,124.027,41.8,16.763,10.202,27216.445,,227.331,5.91,23.3,33.1,,6.62,78.73,0.865
POL,Europe,Poland,2020-12-09,1088346.0,12166.0,10657.0,21160.0,568.0,421.714,28756.767,321.456,281.584,559.099,15.008,11.143,,,,,,,,,,,,,,,,,,,,37846605.0,124.027,41.8,16.763,10.202,27216.445,,227.331,5.91,23.3,33.1,,6.62,78.73,0.865